media,month,total,query_total
lacroix,1970-01,2,0
lacroix,1993-09,1,0
lacroix,1995-05,78,0
lacroix,1995-09,2021,10
lacroix,1995-10,2079,12
lacroix,1995-11,1452,7
lacroix,1995-12,1521,6
lacroix,1996-01,1879,6
lacroix,1996-02,1987,12
lacroix,1996-03,1885,4
lacroix,1996-04,1808,4
lacroix,1996-05,1669,5
lacroix,1996-06,1926,13
lacroix,1996-07,1672,7
lacroix,1996-08,1579,9
lacroix,1996-09,1893,5
lacroix,1996-10,2027,9
lacroix,1996-11,1826,6
lacroix,1996-12,1852,8
lacroix,1997-01,2021,8
lacroix,1997-02,1900,10
lacroix,1997-03,1945,3
lacroix,1997-04,1887,9
lacroix,1997-05,1920,3
lacroix,1997-06,1882,16
lacroix,1997-07,1752,4
lacroix,1997-08,1559,3
lacroix,1997-09,2009,10
lacroix,1997-10,2125,8
lacroix,1997-11,1763,15
lacroix,1997-12,1967,22
lacroix,1998-01,1134,13
lacroix,1998-02,1042,19
lacroix,1998-03,1086,6
lacroix,1998-04,904,3
lacroix,1998-05,820,3
lacroix,1998-06,925,5
lacroix,1998-07,761,5
lacroix,1998-08,732,8
lacroix,1998-09,1078,9
lacroix,1998-10,1139,11
lacroix,1998-11,1012,9
lacroix,1998-12,1099,12
lacroix,1999-01,1031,14
lacroix,1999-02,933,9
lacroix,1999-03,898,6
lacroix,1999-04,993,6
lacroix,1999-05,934,3
lacroix,1999-06,1034,13
lacroix,1999-07,831,3
lacroix,1999-08,776,8
lacroix,1999-09,1075,11
lacroix,1999-10,1092,15
lacroix,1999-11,995,7
lacroix,1999-12,1066,13
lacroix,2000-01,1093,18
lacroix,2000-02,1095,19
lacroix,2000-03,1162,6
lacroix,2000-04,986,10
lacroix,2000-05,1038,11
lacroix,2000-06,981,11
lacroix,2000-07,804,8
lacroix,2000-08,782,5
lacroix,2000-09,1081,24
lacroix,2000-10,1086,13
lacroix,2000-11,1095,33
lacroix,2000-12,1016,18
lacroix,2001-01,1105,18
lacroix,2001-02,1028,22
lacroix,2001-03,1142,13
lacroix,2001-04,1043,29
lacroix,2001-05,1127,25
lacroix,2001-06,1101,17
lacroix,2001-07,911,22
lacroix,2001-08,820,14
lacroix,2001-09,1051,13
lacroix,2001-10,1202,16
lacroix,2001-11,1120,22
lacroix,2001-12,1126,14
lacroix,2002-01,1225,26
lacroix,2002-02,1148,18
lacroix,2002-03,1100,21
lacroix,2002-04,1096,17
lacroix,2002-05,1062,16
lacroix,2002-06,1071,26
lacroix,2002-07,1069,27
lacroix,2002-08,830,32
lacroix,2002-09,1139,38
lacroix,2002-10,1283,30
lacroix,2002-11,1083,25
lacroix,2002-12,1089,20
lacroix,2003-01,1202,16
lacroix,2003-02,1095,19
lacroix,2003-03,1138,21
lacroix,2003-04,1183,21
lacroix,2003-05,1075,27
lacroix,2003-06,1152,38
lacroix,2003-07,1066,18
lacroix,2003-08,811,32
lacroix,2003-09,1279,52
lacroix,2003-10,1393,27
lacroix,2003-11,1117,30
lacroix,2003-12,1171,33
lacroix,2004-01,1358,22
lacroix,2004-02,1335,29
lacroix,2004-03,1434,23
lacroix,2004-04,1327,37
lacroix,2004-05,1268,19
lacroix,2004-06,1373,31
lacroix,2004-07,1105,28
lacroix,2004-08,1240,23
lacroix,2004-09,1395,34
lacroix,2004-10,1430,35
lacroix,2004-11,1304,29
lacroix,2004-12,1384,30
lacroix,2005-01,1418,43
lacroix,2005-02,1337,39
lacroix,2005-03,1405,29
lacroix,2005-04,1420,27
lacroix,2005-05,1377,31
lacroix,2005-06,1416,44
lacroix,2005-07,1091,49
lacroix,2005-08,1165,20
lacroix,2005-09,1473,51
lacroix,2005-10,1424,31
lacroix,2005-11,1323,32
lacroix,2005-12,1469,31
lacroix,2006-01,1604,37
lacroix,2006-02,1476,37
lacroix,2006-03,1598,40
lacroix,2006-04,1364,34
lacroix,2006-05,1466,46
lacroix,2006-06,1538,36
lacroix,2006-07,1279,38
lacroix,2006-08,1330,34
lacroix,2006-09,1564,40
lacroix,2006-10,1544,50
lacroix,2006-11,1522,51
lacroix,2006-12,1495,38
lacroix,2007-01,1684,70
lacroix,2007-02,1508,70
lacroix,2007-03,1661,61
lacroix,2007-04,1622,50
lacroix,2007-05,1630,79
lacroix,2007-06,1886,72
lacroix,2007-07,1551,68
lacroix,2007-08,1462,42
lacroix,2007-09,1601,73
lacroix,2007-10,1777,93
lacroix,2007-11,1634,47
lacroix,2007-12,1515,84
lacroix,2008-01,1796,63
lacroix,2008-02,1762,49
lacroix,2008-03,1655,53
lacroix,2008-04,1797,65
lacroix,2008-05,1606,53
lacroix,2008-06,1849,71
lacroix,2008-07,1610,71
lacroix,2008-08,1555,45
lacroix,2008-09,2019,87
lacroix,2008-10,2006,82
lacroix,2008-11,1748,72
lacroix,2008-12,1916,99
lacroix,2009-01,1918,75
lacroix,2009-02,1818,78
lacroix,2009-03,1953,63
lacroix,2009-04,1802,82
lacroix,2009-05,1639,53
lacroix,2009-06,1840,111
lacroix,2009-07,1616,65
lacroix,2009-08,1598,55
lacroix,2009-09,1917,120
lacroix,2009-10,2071,98
lacroix,2009-11,1899,72
lacroix,2009-12,1948,155
lacroix,2010-01,2061,86
lacroix,2010-02,1933,86
lacroix,2010-03,2342,80
lacroix,2010-04,2030,71
lacroix,2010-05,1972,84
lacroix,2010-06,2032,75
lacroix,2010-07,1835,63
lacroix,2010-08,1881,64
lacroix,2010-09,2193,79
lacroix,2010-10,2062,71
lacroix,2010-11,2001,63
lacroix,2010-12,2126,73
lacroix,2011-01,2067,68
lacroix,2011-02,980,26
lacroix,2011-03,2109,45
lacroix,2011-04,1895,41
lacroix,2011-05,2367,70
lacroix,2011-06,2339,66
lacroix,2011-07,2037,41
lacroix,2011-08,2115,55
lacroix,2011-09,2530,67
lacroix,2011-10,2467,56
lacroix,2011-11,2301,93
lacroix,2011-12,2122,48
lacroix,2012-01,2356,69
lacroix,2012-02,2469,61
lacroix,2012-03,2686,87
lacroix,2012-04,2466,71
lacroix,2012-05,2536,77
lacroix,2012-06,2666,76
lacroix,2012-07,2634,79
lacroix,2012-08,2789,67
lacroix,2012-09,2798,71
lacroix,2012-10,2875,55
lacroix,2012-11,2629,80
lacroix,2012-12,2491,66
lacroix,2013-01,2471,89
lacroix,2013-02,2262,59
lacroix,2013-03,2212,55
lacroix,2013-04,11186,261
lacroix,2013-05,2299,65
lacroix,2013-06,2478,62
lacroix,2013-07,2556,99
lacroix,2013-08,1960,58
lacroix,2013-09,2391,106
lacroix,2013-10,2396,83
lacroix,2013-11,2247,66
lacroix,2013-12,2267,62
lacroix,2014-01,2540,82
lacroix,2014-02,2317,86
lacroix,2014-03,2523,80
lacroix,2014-04,2346,81
lacroix,2014-05,2474,75
lacroix,2014-06,2555,82
lacroix,2014-07,2291,59
lacroix,2014-08,2181,57
lacroix,2014-09,2635,111
lacroix,2014-10,2636,84
lacroix,2014-11,2380,88
lacroix,2014-12,2328,100
lacroix,2015-01,2581,84
lacroix,2015-02,2271,122
lacroix,2015-03,2505,122
lacroix,2015-04,2312,75
lacroix,2015-05,2107,125
lacroix,2015-06,2543,160
lacroix,2015-07,2289,135
lacroix,2015-08,2034,114
lacroix,2015-09,2509,165
lacroix,2015-10,2449,167
lacroix,2015-11,2466,210
lacroix,2015-12,2558,238
lacroix,2016-01,3366,129
lacroix,2016-02,2822,83
lacroix,2016-03,3048,84
lacroix,2016-04,2836,80
lacroix,2016-05,2946,87
lacroix,2016-06,3328,97
lacroix,2016-07,2762,60
lacroix,2016-08,2536,83
lacroix,2016-09,3146,93
lacroix,2016-10,2980,129
lacroix,2016-11,3210,140
lacroix,2016-12,3150,99
lacroix,2017-01,3255,140
lacroix,2017-02,2863,102
lacroix,2017-03,3449,125
lacroix,2017-04,2951,130
lacroix,2017-05,3370,168
lacroix,2017-06,3327,143
lacroix,2017-07,2793,122
lacroix,2017-08,2688,105
lacroix,2017-09,3048,162
lacroix,2017-10,3039,133
lacroix,2017-11,2997,188
lacroix,2017-12,2959,126
lacroix,2018-01,3112,160
lacroix,2018-02,2797,120
lacroix,2018-03,3225,117
lacroix,2018-04,2846,106
lacroix,2018-05,2923,111
lacroix,2018-06,3178,135
lacroix,2018-07,2785,110
lacroix,2018-08,2549,145
lacroix,2018-09,2971,203
lacroix,2018-10,2969,183
lacroix,2018-11,2877,159
lacroix,2018-12,2887,256
lacroix,2019-01,3129,169
lacroix,2019-02,2813,170
lacroix,2019-03,2909,188
lacroix,2019-04,2799,168
lacroix,2019-05,2943,201
lacroix,2019-06,2726,176
lacroix,2019-07,2697,223
lacroix,2019-08,2385,208
lacroix,2019-09,2853,241
lacroix,2019-10,3013,207
lacroix,2019-11,2671,188
lacroix,2019-12,2569,203
lacroix,2020-01,2936,190
lacroix,2020-02,2626,169
lacroix,2020-03,3052,157
lacroix,2020-04,2509,121
lacroix,2020-05,2437,134
lacroix,2020-06,2786,210
lacroix,2020-07,2505,173
lacroix,2020-08,2300,140
lacroix,2020-09,2862,227
lacroix,2020-10,2781,160
lacroix,2020-11,2714,155
lacroix,2020-12,2754,149
lacroix,2021-01,2763,181
lacroix,2021-02,2464,122
lacroix,2021-03,2977,212
lacroix,2021-04,2609,206
lacroix,2021-05,2593,138
lacroix,2021-06,3066,189
lacroix,2021-07,2567,191
lacroix,2021-08,2361,213
lacroix,2021-09,2832,240
lacroix,2021-10,2627,216
lacroix,2021-11,2594,281
lacroix,2021-12,2713,161
lacroix,2022-01,2789,179
lacroix,2022-02,2508,166
lacroix,2022-03,2886,201
lacroix,2022-04,2710,185
lacroix,2022-05,2724,248
lacroix,2022-06,2851,231
lacroix,2022-07,2316,213
lacroix,2022-08,2182,249
lacroix,2022-09,2714,249
lacroix,2022-10,2592,235
lacroix,2022-11,2578,254
lacroix,2022-12,2631,211
lacroix,2023-01,2658,225
lacroix,2023-02,2355,176
lacroix,2023-03,2629,204
lacroix,2023-04,2349,197
lacroix,2023-05,2325,212
lacroix,2023-06,2549,254
lacroix,2023-07,2191,218
lacroix,2023-08,2110,214
lacroix,2023-09,2525,334
lacroix,2023-10,2485,242
lacroix,2023-11,2404,212
lacroix,2023-12,1373,135
lacroix,2024-01,1336,149
lacroix,2024-02,1168,111
lacroix,2024-03,1257,107
lacroix,2024-04,1210,112
lacroix,2024-05,1204,119
lacroix,2024-06,1234,112
lacroix,2024-07,929,78
lefigaro,2004-12,84,0
lefigaro,2005-04,2,0
lefigaro,2005-05,3,0
lefigaro,2005-06,3,0
lefigaro,2005-07,23,0
lefigaro,2005-08,20,0
lefigaro,2005-09,40,1
lefigaro,2005-10,94,1
lefigaro,2005-11,111,0
lefigaro,2005-12,127,4
lefigaro,2006-01,363,3
lefigaro,2006-02,4025,42
lefigaro,2006-03,3539,33
lefigaro,2006-04,3296,54
lefigaro,2006-05,3715,66
lefigaro,2006-06,3795,49
lefigaro,2006-07,2889,48
lefigaro,2006-08,2579,40
lefigaro,2006-09,3699,80
lefigaro,2006-10,3812,76
lefigaro,2006-11,3919,100
lefigaro,2006-12,3789,71
lefigaro,2007-01,4864,118
lefigaro,2007-02,4460,108
lefigaro,2007-03,5796,114
lefigaro,2007-04,5493,98
lefigaro,2007-05,7197,183
lefigaro,2007-06,6689,171
lefigaro,2007-07,5141,94
lefigaro,2007-08,5631,96
lefigaro,2007-09,8364,143
lefigaro,2007-10,7622,204
lefigaro,2007-11,9199,184
lefigaro,2007-12,8372,146
lefigaro,2008-01,9804,128
lefigaro,2008-02,10995,112
lefigaro,2008-03,11725,125
lefigaro,2008-04,11587,144
lefigaro,2008-05,11184,146
lefigaro,2008-06,11419,158
lefigaro,2008-07,10149,127
lefigaro,2008-08,10876,64
lefigaro,2008-09,11345,133
lefigaro,2008-10,12896,147
lefigaro,2008-11,11383,145
lefigaro,2008-12,10652,152
lefigaro,2009-01,14576,176
lefigaro,2009-02,13455,123
lefigaro,2009-03,14217,133
lefigaro,2009-04,13827,140
lefigaro,2009-05,13073,100
lefigaro,2009-06,13830,192
lefigaro,2009-07,12565,134
lefigaro,2009-08,11854,99
lefigaro,2009-09,13474,196
lefigaro,2009-10,14391,192
lefigaro,2009-11,13423,248
lefigaro,2009-12,13590,400
lefigaro,2010-01,15771,234
lefigaro,2010-02,15941,184
lefigaro,2010-03,16615,226
lefigaro,2010-04,15210,186
lefigaro,2010-05,13972,171
lefigaro,2010-06,15182,116
lefigaro,2010-07,13249,121
lefigaro,2010-08,12650,112
lefigaro,2010-09,13748,126
lefigaro,2010-10,14379,135
lefigaro,2010-11,13803,144
lefigaro,2010-12,12981,170
lefigaro,2011-01,14460,129
lefigaro,2011-02,13253,111
lefigaro,2011-03,15611,111
lefigaro,2011-04,13393,120
lefigaro,2011-05,14631,123
lefigaro,2011-06,13556,124
lefigaro,2011-07,13265,99
lefigaro,2011-08,12571,68
lefigaro,2011-09,13877,89
lefigaro,2011-10,14087,127
lefigaro,2011-11,13758,147
lefigaro,2011-12,12545,118
lefigaro,2012-01,13977,114
lefigaro,2012-02,12984,195
lefigaro,2012-03,14345,132
lefigaro,2012-04,13500,108
lefigaro,2012-05,13792,114
lefigaro,2012-06,13940,138
lefigaro,2012-07,13714,101
lefigaro,2012-08,12804,75
lefigaro,2012-09,12619,101
lefigaro,2012-10,14209,112
lefigaro,2012-11,13543,144
lefigaro,2012-12,12260,109
lefigaro,2013-01,13485,133
lefigaro,2013-02,12927,95
lefigaro,2013-03,13033,100
lefigaro,2013-04,12993,87
lefigaro,2013-05,12855,127
lefigaro,2013-06,12628,104
lefigaro,2013-07,12152,150
lefigaro,2013-08,11784,81
lefigaro,2013-09,12040,158
lefigaro,2013-10,13159,117
lefigaro,2013-11,12485,108
lefigaro,2013-12,10911,87
lefigaro,2014-01,11116,115
lefigaro,2014-02,10512,112
lefigaro,2014-03,11376,102
lefigaro,2014-04,10983,163
lefigaro,2014-05,10437,100
lefigaro,2014-06,10838,152
lefigaro,2014-07,11129,131
lefigaro,2014-08,9813,76
lefigaro,2014-09,10894,121
lefigaro,2014-10,11500,199
lefigaro,2014-11,10741,138
lefigaro,2014-12,10705,158
lefigaro,2015-01,11674,139
lefigaro,2015-02,10658,129
lefigaro,2015-03,11701,154
lefigaro,2015-04,10777,118
lefigaro,2015-05,10617,141
lefigaro,2015-06,11058,183
lefigaro,2015-07,10120,153
lefigaro,2015-08,9395,152
lefigaro,2015-09,10978,203
lefigaro,2015-10,10979,206
lefigaro,2015-11,10407,293
lefigaro,2015-12,9700,222
lefigaro,2016-01,10231,132
lefigaro,2016-02,10584,146
lefigaro,2016-03,10735,132
lefigaro,2016-04,10424,131
lefigaro,2016-05,10606,157
lefigaro,2016-06,11243,134
lefigaro,2016-07,9989,86
lefigaro,2016-08,10121,114
lefigaro,2016-09,10638,162
lefigaro,2016-10,10500,173
lefigaro,2016-11,10902,215
lefigaro,2016-12,9677,155
lefigaro,2017-01,10812,174
lefigaro,2017-02,9828,161
lefigaro,2017-03,11230,209
lefigaro,2017-04,10047,137
lefigaro,2017-05,10764,207
lefigaro,2017-06,10658,262
lefigaro,2017-07,9913,243
lefigaro,2017-08,9161,170
lefigaro,2017-09,9818,244
lefigaro,2017-10,10489,213
lefigaro,2017-11,10174,254
lefigaro,2017-12,8950,222
lefigaro,2018-01,10502,233
lefigaro,2018-02,10046,206
lefigaro,2018-03,10710,188
lefigaro,2018-04,10038,209
lefigaro,2018-05,10302,191
lefigaro,2018-06,10713,229
lefigaro,2018-07,10465,167
lefigaro,2018-08,8991,239
lefigaro,2018-09,10194,293
lefigaro,2018-10,10668,294
lefigaro,2018-11,10129,446
lefigaro,2018-12,8956,278
lefigaro,2019-01,10921,276
lefigaro,2019-02,10422,287
lefigaro,2019-03,11682,331
lefigaro,2019-04,10876,350
lefigaro,2019-05,11189,417
lefigaro,2019-06,10860,399
lefigaro,2019-07,10323,435
lefigaro,2019-08,8374,285
lefigaro,2019-09,10626,455
lefigaro,2019-10,10655,384
lefigaro,2019-11,9809,341
lefigaro,2019-12,8568,333
lefigaro,2020-01,9466,413
lefigaro,2020-02,8776,373
lefigaro,2020-03,9395,184
lefigaro,2020-04,8901,170
lefigaro,2020-05,8938,228
lefigaro,2020-06,9280,338
lefigaro,2020-07,9157,362
lefigaro,2020-08,7406,182
lefigaro,2020-09,9873,491
lefigaro,2020-10,10030,313
lefigaro,2020-11,9862,306
lefigaro,2020-12,9010,331
lefigaro,2021-01,9126,284
lefigaro,2021-02,8487,336
lefigaro,2021-03,9499,298
lefigaro,2021-04,8789,345
lefigaro,2021-05,8550,307
lefigaro,2021-06,8851,380
lefigaro,2021-07,8251,339
lefigaro,2021-08,7277,244
lefigaro,2021-09,8608,486
lefigaro,2021-10,8891,529
lefigaro,2021-11,8555,425
lefigaro,2021-12,7829,290
lefigaro,2022-01,8722,344
lefigaro,2022-02,8417,370
lefigaro,2022-03,9065,334
lefigaro,2022-04,8101,336
lefigaro,2022-05,8416,379
lefigaro,2022-06,8335,474
lefigaro,2022-07,7239,459
lefigaro,2022-08,6816,464
lefigaro,2022-09,8245,645
lefigaro,2022-10,8197,549
lefigaro,2022-11,7919,572
lefigaro,2022-12,6761,390
lefigaro,2023-01,7945,495
lefigaro,2023-02,7511,413
lefigaro,2023-03,8362,505
lefigaro,2023-04,7311,419
lefigaro,2023-05,7879,498
lefigaro,2023-06,7609,514
lefigaro,2023-07,6626,445
lefigaro,2023-08,6519,380
lefigaro,2023-09,7515,524
lefigaro,2023-10,7659,390
lefigaro,2023-11,7339,476
lefigaro,2023-12,6608,384
lefigaro,2024-01,7826,429
lefigaro,2024-02,7400,429
lefigaro,2024-03,5,0
lemonde,1945-01,966,0
lemonde,1945-02,1056,0
lemonde,1945-03,1048,0
lemonde,1945-04,928,0
lemonde,1945-05,1093,1
lemonde,1945-06,963,0
lemonde,1945-07,1147,0
lemonde,1945-08,977,0
lemonde,1945-09,1116,0
lemonde,1945-10,1333,0
lemonde,1945-11,1421,1
lemonde,1945-12,1435,1
lemonde,1946-01,1281,0
lemonde,1946-02,1329,0
lemonde,1946-03,1348,1
lemonde,1946-04,1295,1
lemonde,1946-05,1397,2
lemonde,1946-06,1350,0
lemonde,1946-07,1761,1
lemonde,1946-08,1497,2
lemonde,1946-09,1462,2
lemonde,1946-10,1550,0
lemonde,1946-11,1561,0
lemonde,1946-12,1654,1
lemonde,1947-01,1328,1
lemonde,1947-02,697,0
lemonde,1947-03,662,2
lemonde,1947-04,1553,1
lemonde,1947-05,1679,1
lemonde,1947-06,1426,2
lemonde,1947-07,1499,0
lemonde,1947-08,1548,1
lemonde,1947-09,1547,0
lemonde,1947-10,1489,0
lemonde,1947-11,1252,1
lemonde,1947-12,912,0
lemonde,1948-01,1503,2
lemonde,1948-02,1447,0
lemonde,1948-03,1589,0
lemonde,1948-04,1673,2
lemonde,1948-05,1486,0
lemonde,1948-06,1483,2
lemonde,1948-07,1615,0
lemonde,1948-08,1721,5
lemonde,1948-09,1448,1
lemonde,1948-10,1566,2
lemonde,1948-11,1400,0
lemonde,1948-12,1822,1
lemonde,1949-01,1563,1
lemonde,1949-02,1489,1
lemonde,1949-03,1624,0
lemonde,1949-04,1680,1
lemonde,1949-05,1859,2
lemonde,1949-06,1734,1
lemonde,1949-07,1779,1
lemonde,1949-08,1828,0
lemonde,1949-09,1522,2
lemonde,1949-10,1904,3
lemonde,1949-11,1898,2
lemonde,1949-12,2016,2
lemonde,1950-01,2038,1
lemonde,1950-02,1620,0
lemonde,1950-03,1980,2
lemonde,1950-04,1818,0
lemonde,1950-05,1940,2
lemonde,1950-06,2041,1
lemonde,1950-07,1957,3
lemonde,1950-08,1753,1
lemonde,1950-09,1826,3
lemonde,1950-10,1896,1
lemonde,1950-11,1856,1
lemonde,1950-12,1956,0
lemonde,1951-01,1978,0
lemonde,1951-02,1873,3
lemonde,1951-03,2068,0
lemonde,1951-04,1873,1
lemonde,1951-05,1990,0
lemonde,1951-06,1939,3
lemonde,1951-07,1883,1
lemonde,1951-08,1491,0
lemonde,1951-09,1956,2
lemonde,1951-10,1968,0
lemonde,1951-11,1745,2
lemonde,1951-12,1907,1
lemonde,1952-01,2188,3
lemonde,1952-02,1855,1
lemonde,1952-03,1969,2
lemonde,1952-04,2107,1
lemonde,1952-05,2164,1
lemonde,1952-06,2219,1
lemonde,1952-07,2089,1
lemonde,1952-08,2013,2
lemonde,1952-09,2081,3
lemonde,1952-10,2133,0
lemonde,1952-11,2058,1
lemonde,1952-12,2355,0
lemonde,1953-01,2174,0
lemonde,1953-02,1826,0
lemonde,1953-03,2117,0
lemonde,1953-04,1987,1
lemonde,1953-05,2077,1
lemonde,1953-06,2082,2
lemonde,1953-07,2376,2
lemonde,1953-08,2183,2
lemonde,1953-09,2060,0
lemonde,1953-10,2366,0
lemonde,1953-11,2301,2
lemonde,1953-12,2402,0
lemonde,1954-01,2205,2
lemonde,1954-02,1944,1
lemonde,1954-03,2298,2
lemonde,1954-04,2255,3
lemonde,1954-05,2370,2
lemonde,1954-06,2588,2
lemonde,1954-07,2209,1
lemonde,1954-08,2133,2
lemonde,1954-09,2097,1
lemonde,1954-10,2465,0
lemonde,1954-11,2329,1
lemonde,1954-12,2391,1
lemonde,1955-01,2162,2
lemonde,1955-02,1953,2
lemonde,1955-03,2373,4
lemonde,1955-04,2052,3
lemonde,1955-05,2124,3
lemonde,1955-06,2464,0
lemonde,1955-07,2463,2
lemonde,1955-08,2503,2
lemonde,1955-09,2161,5
lemonde,1955-10,2291,0
lemonde,1955-11,2211,3
lemonde,1955-12,2401,3
lemonde,1956-01,2090,4
lemonde,1956-02,2108,4
lemonde,1956-03,2404,2
lemonde,1956-04,2404,3
lemonde,1956-05,2548,0
lemonde,1956-06,2363,4
lemonde,1956-07,2301,2
lemonde,1956-08,2470,3
lemonde,1956-09,2344,3
lemonde,1956-10,2656,0
lemonde,1956-11,2677,3
lemonde,1956-12,2449,1
lemonde,1957-01,2349,0
lemonde,1957-02,2244,1
lemonde,1957-03,2534,5
lemonde,1957-04,2478,6
lemonde,1957-05,2557,3
lemonde,1957-06,2483,1
lemonde,1957-07,2242,2
lemonde,1957-08,2226,2
lemonde,1957-09,2219,2
lemonde,1957-10,2585,1
lemonde,1957-11,2518,2
lemonde,1957-12,2364,1
lemonde,1958-01,2347,3
lemonde,1958-02,2087,3
lemonde,1958-03,2432,1
lemonde,1958-04,2354,0
lemonde,1958-05,2319,0
lemonde,1958-06,2541,1
lemonde,1958-07,2666,2
lemonde,1958-08,2441,1
lemonde,1958-09,2521,5
lemonde,1958-10,2474,3
lemonde,1958-11,2454,1
lemonde,1958-12,2155,1
lemonde,1959-01,2361,1
lemonde,1959-02,2441,6
lemonde,1959-03,2271,1
lemonde,1959-04,2512,1
lemonde,1959-05,2165,2
lemonde,1959-06,2263,2
lemonde,1959-07,2568,2
lemonde,1959-08,2365,4
lemonde,1959-09,2366,1
lemonde,1959-10,2387,5
lemonde,1959-11,2240,0
lemonde,1959-12,2511,6
lemonde,1960-01,2486,4
lemonde,1960-02,2582,2
lemonde,1960-03,2556,2
lemonde,1960-04,2177,2
lemonde,1960-05,2342,4
lemonde,1960-06,2418,3
lemonde,1960-07,2578,2
lemonde,1960-08,2146,0
lemonde,1960-09,2438,4
lemonde,1960-10,2370,1
lemonde,1960-11,2345,1
lemonde,1960-12,2442,3
lemonde,1961-01,2355,5
lemonde,1961-02,2418,3
lemonde,1961-03,2574,3
lemonde,1961-04,2539,1
lemonde,1961-05,2390,1
lemonde,1961-06,2309,1
lemonde,1961-07,2502,3
lemonde,1961-08,2321,0
lemonde,1961-09,2437,3
lemonde,1961-10,2291,4
lemonde,1961-11,2433,0
lemonde,1961-12,2353,2
lemonde,1962-01,2775,1
lemonde,1962-02,2510,2
lemonde,1962-03,3099,4
lemonde,1962-04,2755,4
lemonde,1962-05,2818,5
lemonde,1962-06,2813,5
lemonde,1962-07,2554,7
lemonde,1962-08,2386,4
lemonde,1962-09,2553,7
lemonde,1962-10,3258,3
lemonde,1962-11,2754,6
lemonde,1962-12,2750,3
lemonde,1963-01,2611,4
lemonde,1963-02,2427,5
lemonde,1963-03,3046,6
lemonde,1963-04,2658,4
lemonde,1963-05,2787,4
lemonde,1963-06,2599,4
lemonde,1963-07,2503,4
lemonde,1963-08,2334,4
lemonde,1963-09,2663,13
lemonde,1963-10,2970,6
lemonde,1963-11,2742,1
lemonde,1963-12,2734,8
lemonde,1964-01,2807,4
lemonde,1964-02,2855,3
lemonde,1964-03,3026,1
lemonde,1964-04,2929,6
lemonde,1964-05,2960,4
lemonde,1964-06,2817,5
lemonde,1964-07,2674,2
lemonde,1964-08,2198,3
lemonde,1964-09,2546,6
lemonde,1964-10,2784,4
lemonde,1964-11,2717,0
lemonde,1964-12,2935,3
lemonde,1965-01,2869,2
lemonde,1965-02,2519,4
lemonde,1965-03,3028,5
lemonde,1965-04,2856,4
lemonde,1965-05,2570,3
lemonde,1965-06,3007,1
lemonde,1965-07,2895,1
lemonde,1965-08,2530,5
lemonde,1965-09,2786,7
lemonde,1965-10,2890,7
lemonde,1965-11,3009,6
lemonde,1965-12,2981,0
lemonde,1966-01,2829,4
lemonde,1966-02,2701,0
lemonde,1966-03,3057,5
lemonde,1966-04,2722,5
lemonde,1966-05,2705,2
lemonde,1966-06,2824,8
lemonde,1966-07,2805,2
lemonde,1966-08,2704,8
lemonde,1966-09,2815,6
lemonde,1966-10,2754,5
lemonde,1966-11,2754,7
lemonde,1966-12,2988,4
lemonde,1967-01,2944,2
lemonde,1967-02,2884,4
lemonde,1967-03,3464,5
lemonde,1967-04,2910,6
lemonde,1967-05,2983,5
lemonde,1967-06,3056,4
lemonde,1967-07,3038,7
lemonde,1967-08,2757,5
lemonde,1967-09,3181,7
lemonde,1967-10,3100,5
lemonde,1967-11,2968,5
lemonde,1967-12,2987,5
lemonde,1968-01,3129,4
lemonde,1968-02,3187,7
lemonde,1968-03,3315,3
lemonde,1968-04,3093,2
lemonde,1968-05,3101,2
lemonde,1968-06,3218,2
lemonde,1968-07,3093,2
lemonde,1968-08,2877,7
lemonde,1968-09,3122,12
lemonde,1968-10,3155,4
lemonde,1968-11,3421,7
lemonde,1968-12,3429,2
lemonde,1969-01,3626,4
lemonde,1969-02,3473,3
lemonde,1969-03,3449,3
lemonde,1969-04,3655,8
lemonde,1969-05,3658,1
lemonde,1969-06,3210,2
lemonde,1969-07,3434,6
lemonde,1969-08,3030,4
lemonde,1969-09,3264,4
lemonde,1969-10,3584,5
lemonde,1969-11,3439,3
lemonde,1969-12,3564,2
lemonde,1970-01,3738,18
lemonde,1970-02,3263,8
lemonde,1970-03,3198,3
lemonde,1970-04,3411,5
lemonde,1970-05,3411,6
lemonde,1970-06,3474,4
lemonde,1970-07,3041,9
lemonde,1970-08,2852,5
lemonde,1970-09,3253,9
lemonde,1970-10,3737,6
lemonde,1970-11,3427,3
lemonde,1970-12,3822,9
lemonde,1971-01,3574,14
lemonde,1971-02,3127,4
lemonde,1971-03,3658,8
lemonde,1971-04,3360,8
lemonde,1971-05,3356,3
lemonde,1971-06,3491,3
lemonde,1971-07,2692,3
lemonde,1971-08,2579,4
lemonde,1971-09,3022,2
lemonde,1971-10,3263,4
lemonde,1971-11,3085,3
lemonde,1971-12,3264,1
lemonde,1972-01,2673,4
lemonde,1972-02,2656,4
lemonde,1972-03,3258,4
lemonde,1972-04,2922,4
lemonde,1972-05,3077,8
lemonde,1972-06,2867,7
lemonde,1972-07,2632,4
lemonde,1972-08,2191,10
lemonde,1972-09,3005,7
lemonde,1972-10,3103,5
lemonde,1972-11,3138,7
lemonde,1972-12,3159,11
lemonde,1973-01,3036,6
lemonde,1973-02,2923,8
lemonde,1973-03,3353,5
lemonde,1973-04,2924,9
lemonde,1973-05,3206,5
lemonde,1973-06,3055,8
lemonde,1973-07,2880,8
lemonde,1973-08,2378,6
lemonde,1973-09,3047,6
lemonde,1973-10,3186,7
lemonde,1973-11,3076,10
lemonde,1973-12,3170,8
lemonde,1974-01,3047,5
lemonde,1974-02,2777,5
lemonde,1974-03,3099,10
lemonde,1974-04,3224,8
lemonde,1974-05,3303,6
lemonde,1974-06,3126,6
lemonde,1974-07,2888,5
lemonde,1974-08,2458,11
lemonde,1974-09,2726,9
lemonde,1974-10,3099,10
lemonde,1974-11,2940,6
lemonde,1974-12,3233,9
lemonde,1975-01,3276,9
lemonde,1975-02,2932,10
lemonde,1975-03,3131,11
lemonde,1975-04,2787,2
lemonde,1975-05,2977,5
lemonde,1975-06,2894,3
lemonde,1975-07,2773,9
lemonde,1975-08,2254,8
lemonde,1975-09,2690,9
lemonde,1975-10,3154,9
lemonde,1975-11,3015,8
lemonde,1975-12,3212,3
lemonde,1976-01,3028,7
lemonde,1976-02,2642,10
lemonde,1976-03,3267,9
lemonde,1976-04,2987,5
lemonde,1976-05,3150,7
lemonde,1976-06,3189,15
lemonde,1976-07,2805,5
lemonde,1976-08,2272,12
lemonde,1976-09,2868,16
lemonde,1976-10,3144,9
lemonde,1976-11,3190,11
lemonde,1976-12,3078,11
lemonde,1977-01,2878,6
lemonde,1977-02,3060,20
lemonde,1977-03,3469,12
lemonde,1977-04,3302,8
lemonde,1977-05,3209,12
lemonde,1977-06,3443,15
lemonde,1977-07,3034,7
lemonde,1977-08,2396,9
lemonde,1977-09,3033,14
lemonde,1977-10,3331,5
lemonde,1977-11,3506,20
lemonde,1977-12,3343,11
lemonde,1978-01,3086,6
lemonde,1978-02,2782,5
lemonde,1978-03,3287,5
lemonde,1978-04,3098,5
lemonde,1978-05,3340,16
lemonde,1978-06,3295,5
lemonde,1978-07,2647,7
lemonde,1978-08,2476,8
lemonde,1978-09,2918,9
lemonde,1978-10,3195,12
lemonde,1978-11,3167,10
lemonde,1978-12,3053,5
lemonde,1979-01,3126,27
lemonde,1979-02,2753,17
lemonde,1979-03,3452,9
lemonde,1979-04,2965,10
lemonde,1979-05,3176,14
lemonde,1979-06,3318,13
lemonde,1979-07,2697,15
lemonde,1979-08,2328,7
lemonde,1979-09,2922,14
lemonde,1979-10,3481,13
lemonde,1979-11,3442,14
lemonde,1979-12,3381,15
lemonde,1980-01,3317,10
lemonde,1980-02,3197,13
lemonde,1980-03,3503,8
lemonde,1980-04,3301,10
lemonde,1980-05,3265,8
lemonde,1980-06,3180,18
lemonde,1980-07,3072,19
lemonde,1980-08,2570,13
lemonde,1980-09,3019,12
lemonde,1980-10,3155,10
lemonde,1980-11,2902,15
lemonde,1980-12,3424,12
lemonde,1981-01,2944,9
lemonde,1981-02,2747,8
lemonde,1981-03,3036,9
lemonde,1981-04,2970,18
lemonde,1981-05,3098,14
lemonde,1981-06,3084,13
lemonde,1981-07,2845,12
lemonde,1981-08,2384,15
lemonde,1981-09,2891,14
lemonde,1981-10,3161,15
lemonde,1981-11,2705,15
lemonde,1981-12,2986,14
lemonde,1982-01,2766,9
lemonde,1982-02,2747,16
lemonde,1982-03,3101,13
lemonde,1982-04,2872,10
lemonde,1982-05,2780,12
lemonde,1982-06,2875,13
lemonde,1982-07,2582,6
lemonde,1982-08,2397,9
lemonde,1982-09,2676,5
lemonde,1982-10,2926,12
lemonde,1982-11,2819,13
lemonde,1982-12,3111,10
lemonde,1983-01,2807,8
lemonde,1983-02,2546,5
lemonde,1983-03,2931,3
lemonde,1983-04,2653,8
lemonde,1983-05,2746,8
lemonde,1983-06,2534,12
lemonde,1983-07,2345,12
lemonde,1983-08,2296,14
lemonde,1983-09,2497,7
lemonde,1983-10,2732,14
lemonde,1983-11,2791,16
lemonde,1983-12,2826,11
lemonde,1984-01,2629,14
lemonde,1984-02,2552,11
lemonde,1984-03,2863,23
lemonde,1984-04,2514,6
lemonde,1984-05,2662,10
lemonde,1984-06,2757,7
lemonde,1984-07,2425,10
lemonde,1984-08,2303,3
lemonde,1984-09,2539,12
lemonde,1984-10,2974,13
lemonde,1984-11,2715,8
lemonde,1984-12,2638,10
lemonde,1985-01,2541,13
lemonde,1985-02,2494,13
lemonde,1985-03,2738,10
lemonde,1985-04,2750,14
lemonde,1985-05,2767,8
lemonde,1985-06,2706,10
lemonde,1985-07,2530,7
lemonde,1985-08,2435,12
lemonde,1985-09,2277,5
lemonde,1985-10,2732,11
lemonde,1985-11,2629,8
lemonde,1985-12,2619,8
lemonde,1986-01,2716,9
lemonde,1986-02,2283,15
lemonde,1986-03,2633,8
lemonde,1986-04,2568,3
lemonde,1986-05,2728,6
lemonde,1986-06,2694,3
lemonde,1986-07,2636,16
lemonde,1986-08,2166,4
lemonde,1986-09,2471,2
lemonde,1986-10,2749,7
lemonde,1986-11,2232,4
lemonde,1986-12,2678,7
lemonde,1987-01,3474,10
lemonde,1987-02,3206,8
lemonde,1987-03,3649,11
lemonde,1987-04,3397,9
lemonde,1987-05,3556,9
lemonde,1987-06,2943,4
lemonde,1987-07,2990,8
lemonde,1987-08,2734,10
lemonde,1987-09,3092,17
lemonde,1987-10,3485,17
lemonde,1987-11,3402,7
lemonde,1987-12,3512,11
lemonde,1988-01,3374,9
lemonde,1988-02,3052,6
lemonde,1988-03,3589,11
lemonde,1988-04,3480,8
lemonde,1988-05,3629,9
lemonde,1988-06,3668,10
lemonde,1988-07,3076,10
lemonde,1988-08,2523,9
lemonde,1988-09,3334,6
lemonde,1988-10,3526,12
lemonde,1988-11,3245,8
lemonde,1988-12,3388,16
lemonde,1989-01,3161,9
lemonde,1989-02,2993,23
lemonde,1989-03,3609,26
lemonde,1989-04,3351,18
lemonde,1989-05,3252,17
lemonde,1989-06,3488,28
lemonde,1989-07,3191,18
lemonde,1989-08,2648,9
lemonde,1989-09,3295,13
lemonde,1989-10,3533,10
lemonde,1989-11,3538,13
lemonde,1989-12,3554,18
lemonde,1990-01,3338,10
lemonde,1990-02,3144,18
lemonde,1990-03,3581,15
lemonde,1990-04,3072,18
lemonde,1990-05,2982,13
lemonde,1990-06,3197,8
lemonde,1990-07,2841,13
lemonde,1990-08,2565,9
lemonde,1990-09,3208,17
lemonde,1990-10,3536,19
lemonde,1990-11,3457,28
lemonde,1990-12,3230,19
lemonde,1991-01,3512,12
lemonde,1991-02,3173,6
lemonde,1991-03,3363,7
lemonde,1991-04,3196,15
lemonde,1991-05,3394,14
lemonde,1991-06,3260,6
lemonde,1991-07,2938,14
lemonde,1991-08,2607,10
lemonde,1991-09,3173,11
lemonde,1991-10,3557,10
lemonde,1991-11,3323,9
lemonde,1991-12,3250,16
lemonde,1992-01,3259,7
lemonde,1992-02,3293,17
lemonde,1992-03,3663,23
lemonde,1992-04,3418,18
lemonde,1992-05,3355,16
lemonde,1992-06,3345,63
lemonde,1992-07,3186,23
lemonde,1992-08,2561,9
lemonde,1992-09,3509,18
lemonde,1992-10,3526,11
lemonde,1992-11,3387,11
lemonde,1992-12,3483,16
lemonde,1993-01,3653,13
lemonde,1993-02,3281,15
lemonde,1993-03,3978,7
lemonde,1993-04,3381,15
lemonde,1993-05,3544,18
lemonde,1993-06,3466,18
lemonde,1993-07,3282,10
lemonde,1993-08,2528,5
lemonde,1993-09,3400,12
lemonde,1993-10,3830,11
lemonde,1993-11,3769,28
lemonde,1993-12,3824,24
lemonde,1994-01,3701,14
lemonde,1994-02,3658,26
lemonde,1994-03,4179,12
lemonde,1994-04,3796,17
lemonde,1994-05,3789,11
lemonde,1994-06,3801,19
lemonde,1994-07,3478,12
lemonde,1994-08,2641,3
lemonde,1994-09,3640,22
lemonde,1994-10,3865,14
lemonde,1994-11,3703,13
lemonde,1994-12,3581,11
lemonde,1995-01,3278,17
lemonde,1995-02,2860,18
lemonde,1995-03,3192,19
lemonde,1995-04,2931,16
lemonde,1995-05,3182,10
lemonde,1995-06,3288,17
lemonde,1995-07,2393,12
lemonde,1995-08,2114,10
lemonde,1995-09,3110,18
lemonde,1995-10,3198,24
lemonde,1995-11,2988,18
lemonde,1995-12,3000,27
lemonde,1996-01,3019,19
lemonde,1996-02,3286,16
lemonde,1996-03,3604,16
lemonde,1996-04,3168,23
lemonde,1996-05,3305,16
lemonde,1996-06,3523,21
lemonde,1996-07,3044,16
lemonde,1996-08,2378,13
lemonde,1996-09,3226,19
lemonde,1996-10,4151,17
lemonde,1996-11,4332,19
lemonde,1996-12,4093,31
lemonde,1997-01,4562,31
lemonde,1997-02,4484,18
lemonde,1997-03,4741,14
lemonde,1997-04,4208,21
lemonde,1997-05,4718,21
lemonde,1997-06,4732,45
lemonde,1997-07,4147,23
lemonde,1997-08,3363,25
lemonde,1997-09,4447,19
lemonde,1997-10,5102,41
lemonde,1997-11,4821,53
lemonde,1997-12,4483,64
lemonde,1998-01,4709,31
lemonde,1998-02,4429,26
lemonde,1998-03,5085,33
lemonde,1998-04,4987,33
lemonde,1998-05,5230,42
lemonde,1998-06,5139,22
lemonde,1998-07,4735,25
lemonde,1998-08,3153,18
lemonde,1998-09,5036,40
lemonde,1998-10,5186,35
lemonde,1998-11,4783,51
lemonde,1998-12,4877,25
lemonde,1999-01,5011,32
lemonde,1999-02,4802,40
lemonde,1999-03,4935,29
lemonde,1999-04,5297,35
lemonde,1999-05,5157,13
lemonde,1999-06,5362,29
lemonde,1999-07,4228,30
lemonde,1999-08,3419,21
lemonde,1999-09,4800,24
lemonde,1999-10,5299,35
lemonde,1999-11,4818,50
lemonde,1999-12,5067,41
lemonde,2000-01,5576,97
lemonde,2000-02,5517,28
lemonde,2000-03,6250,38
lemonde,2000-04,5448,53
lemonde,2000-05,6387,44
lemonde,2000-06,5964,41
lemonde,2000-07,4836,25
lemonde,2000-08,4237,44
lemonde,2000-09,6910,78
lemonde,2000-10,6117,46
lemonde,2000-11,6039,154
lemonde,2000-12,5826,58
lemonde,2001-01,7598,86
lemonde,2001-02,9095,97
lemonde,2001-03,11116,117
lemonde,2001-04,9157,116
lemonde,2001-05,9631,144
lemonde,2001-06,9059,185
lemonde,2001-07,7474,116
lemonde,2001-08,6641,52
lemonde,2001-09,9340,97
lemonde,2001-10,9576,81
lemonde,2001-11,7721,96
lemonde,2001-12,6890,88
lemonde,2002-01,7313,116
lemonde,2002-02,7160,103
lemonde,2002-03,7992,119
lemonde,2002-04,8254,90
lemonde,2002-05,7978,125
lemonde,2002-06,8781,141
lemonde,2002-07,5722,78
lemonde,2002-08,4232,120
lemonde,2002-09,6899,168
lemonde,2002-10,7336,84
lemonde,2002-11,7029,107
lemonde,2002-12,4429,51
lemonde,2003-01,4327,63
lemonde,2003-02,4381,51
lemonde,2003-03,4716,36
lemonde,2003-04,4429,40
lemonde,2003-05,4473,45
lemonde,2003-06,4589,81
lemonde,2003-07,4289,55
lemonde,2003-08,3367,133
lemonde,2003-09,4677,92
lemonde,2003-10,5094,69
lemonde,2003-11,4805,86
lemonde,2003-12,4604,58
lemonde,2004-01,4603,59
lemonde,2004-02,4718,66
lemonde,2004-03,5340,64
lemonde,2004-04,4567,72
lemonde,2004-05,3876,79
lemonde,2004-06,4205,121
lemonde,2004-07,3239,31
lemonde,2004-08,3238,29
lemonde,2004-09,4092,65
lemonde,2004-10,4106,56
lemonde,2004-11,4011,90
lemonde,2004-12,3537,64
lemonde,2005-01,3876,78
lemonde,2005-02,3787,68
lemonde,2005-03,5139,99
lemonde,2005-04,4170,63
lemonde,2005-05,4624,100
lemonde,2005-06,4511,84
lemonde,2005-07,3287,70
lemonde,2005-08,3010,50
lemonde,2005-09,4411,89
lemonde,2005-10,4273,56
lemonde,2005-11,4469,75
lemonde,2005-12,4513,73
lemonde,2006-01,4480,65
lemonde,2006-02,4087,47
lemonde,2006-03,4394,53
lemonde,2006-04,4153,60
lemonde,2006-05,4453,96
lemonde,2006-06,4717,69
lemonde,2006-07,3365,58
lemonde,2006-08,3227,53
lemonde,2006-09,4103,67
lemonde,2006-10,4348,109
lemonde,2006-11,4341,112
lemonde,2006-12,4109,88
lemonde,2007-01,4473,136
lemonde,2007-02,4177,121
lemonde,2007-03,5063,149
lemonde,2007-04,5092,131
lemonde,2007-05,4990,174
lemonde,2007-06,5183,178
lemonde,2007-07,4138,83
lemonde,2007-08,3630,89
lemonde,2007-09,4639,148
lemonde,2007-10,4862,162
lemonde,2007-11,4586,146
lemonde,2007-12,4251,135
lemonde,2008-01,4475,139
lemonde,2008-02,4455,105
lemonde,2008-03,4582,129
lemonde,2008-04,4097,150
lemonde,2008-05,4453,130
lemonde,2008-06,4506,185
lemonde,2008-07,3783,124
lemonde,2008-08,3755,90
lemonde,2008-09,4249,120
lemonde,2008-10,4361,164
lemonde,2008-11,4270,149
lemonde,2008-12,4178,162
lemonde,2009-01,4358,149
lemonde,2009-02,4614,132
lemonde,2009-03,4796,132
lemonde,2009-04,4605,142
lemonde,2009-05,4497,132
lemonde,2009-06,4967,195
lemonde,2009-07,4261,153
lemonde,2009-08,3635,119
lemonde,2009-09,4868,211
lemonde,2009-10,5241,202
lemonde,2009-11,4945,263
lemonde,2009-12,4659,343
lemonde,2010-01,4645,165
lemonde,2010-02,4701,159
lemonde,2010-03,5411,195
lemonde,2010-04,5444,168
lemonde,2010-05,5167,159
lemonde,2010-06,5713,115
lemonde,2010-07,5097,126
lemonde,2010-08,4355,146
lemonde,2010-09,5491,156
lemonde,2010-10,5644,158
lemonde,2010-11,5426,200
lemonde,2010-12,5306,195
lemonde,2011-01,5338,143
lemonde,2011-02,5113,122
lemonde,2011-03,6067,152
lemonde,2011-04,5259,174
lemonde,2011-05,5467,153
lemonde,2011-06,5130,167
lemonde,2011-07,4521,145
lemonde,2011-08,4397,118
lemonde,2011-09,5859,146
lemonde,2011-10,6410,161
lemonde,2011-11,6214,231
lemonde,2011-12,6388,157
lemonde,2012-01,6313,188
lemonde,2012-02,6161,176
lemonde,2012-03,6855,180
lemonde,2012-04,6908,164
lemonde,2012-05,7326,197
lemonde,2012-06,6232,216
lemonde,2012-07,4054,114
lemonde,2012-08,3603,122
lemonde,2012-09,4531,158
lemonde,2012-10,4909,182
lemonde,2012-11,4654,184
lemonde,2012-12,4000,142
lemonde,2013-01,4381,131
lemonde,2013-02,4151,115
lemonde,2013-03,4405,115
lemonde,2013-04,4590,126
lemonde,2013-05,4559,146
lemonde,2013-06,4452,117
lemonde,2013-07,4030,159
lemonde,2013-08,3428,106
lemonde,2013-09,4254,178
lemonde,2013-10,4665,161
lemonde,2013-11,4375,137
lemonde,2013-12,3733,115
lemonde,2014-01,4058,113
lemonde,2014-02,3857,120
lemonde,2014-03,4179,134
lemonde,2014-04,3851,155
lemonde,2014-05,4290,144
lemonde,2014-06,4254,162
lemonde,2014-07,3506,76
lemonde,2014-08,2995,63
lemonde,2014-09,4279,129
lemonde,2014-10,4232,168
lemonde,2014-11,3671,143
lemonde,2014-12,3490,146
lemonde,2015-01,4085,123
lemonde,2015-02,3778,116
lemonde,2015-03,4284,151
lemonde,2015-04,2897,89
lemonde,2015-05,1976,76
lemonde,2015-06,4332,221
lemonde,2015-07,3642,137
lemonde,2015-08,2751,132
lemonde,2015-09,4200,204
lemonde,2015-10,4090,248
lemonde,2015-11,3834,299
lemonde,2015-12,3724,301
lemonde,2016-01,3756,125
lemonde,2016-02,3900,142
lemonde,2016-03,4414,145
lemonde,2016-04,3960,141
lemonde,2016-05,4309,177
lemonde,2016-06,4456,161
lemonde,2016-07,3205,103
lemonde,2016-08,3165,101
lemonde,2016-09,3873,184
lemonde,2016-10,3908,163
lemonde,2016-11,4112,221
lemonde,2016-12,3564,159
lemonde,2017-01,3981,207
lemonde,2017-02,3659,138
lemonde,2017-03,4250,199
lemonde,2017-04,3917,177
lemonde,2017-05,4035,198
lemonde,2017-06,4202,232
lemonde,2017-07,3240,166
lemonde,2017-08,2806,124
lemonde,2017-09,3741,195
lemonde,2017-10,3619,182
lemonde,2017-11,3695,240
lemonde,2017-12,3350,220
lemonde,2018-01,3560,175
lemonde,2018-02,3472,173
lemonde,2018-03,3916,187
lemonde,2018-04,3396,168
lemonde,2018-05,3574,184
lemonde,2018-06,3790,187
lemonde,2018-07,3219,133
lemonde,2018-08,2596,177
lemonde,2018-09,3357,235
lemonde,2018-10,3604,257
lemonde,2018-11,3322,368
lemonde,2018-12,3013,321
lemonde,2019-01,3290,255
lemonde,2019-02,2998,235
lemonde,2019-03,3380,292
lemonde,2019-04,3029,238
lemonde,2019-05,3246,281
lemonde,2019-06,3118,277
lemonde,2019-07,2734,267
lemonde,2019-08,2293,226
lemonde,2019-09,2985,302
lemonde,2019-10,3299,285
lemonde,2019-11,3009,286
lemonde,2019-12,2744,275
lemonde,2020-01,2958,298
lemonde,2020-02,2802,242
lemonde,2020-03,3055,194
lemonde,2020-04,2573,171
lemonde,2020-05,2468,209
lemonde,2020-06,2886,271
lemonde,2020-07,2574,228
lemonde,2020-08,2166,164
lemonde,2020-09,3128,333
lemonde,2020-10,3159,267
lemonde,2020-11,2976,198
lemonde,2020-12,2714,236
lemonde,2021-01,2824,209
lemonde,2021-02,2673,220
lemonde,2021-03,3054,258
lemonde,2021-04,2877,224
lemonde,2021-05,2863,208
lemonde,2021-06,3158,273
lemonde,2021-07,2698,246
lemonde,2021-08,2129,197
lemonde,2021-09,2964,369
lemonde,2021-10,3011,367
lemonde,2021-11,2896,377
lemonde,2021-12,2837,263
lemonde,2022-01,3067,254
lemonde,2022-02,2870,292
lemonde,2022-03,3192,327
lemonde,2022-04,2853,306
lemonde,2022-05,2852,310
lemonde,2022-06,3012,362
lemonde,2022-07,2701,383
lemonde,2022-08,2129,324
lemonde,2022-09,3027,437
lemonde,2022-10,3011,470
lemonde,2022-11,3082,462
lemonde,2022-12,2786,352
lemonde,2023-01,5716,652
lemonde,2023-02,5326,556
lemonde,2023-03,6181,701
lemonde,2023-04,5632,664
lemonde,2023-05,6046,730
lemonde,2023-06,6267,832
lemonde,2023-07,3432,430
lemonde,2023-08,2346,289
lemonde,2023-09,3207,443
lemonde,2023-10,927,130
leparisien,2000-10,878,3
leparisien,2000-11,7349,29
leparisien,2000-12,6546,23
leparisien,2001-01,7394,31
leparisien,2001-02,7126,20
leparisien,2001-03,6686,22
leparisien,2001-04,5179,19
leparisien,2001-05,6203,28
leparisien,2001-06,5945,18
leparisien,2001-07,6048,22
leparisien,2001-08,5335,16
leparisien,2001-09,6720,16
leparisien,2001-10,7768,29
leparisien,2001-11,7417,19
leparisien,2001-12,6992,28
leparisien,2002-01,7161,27
leparisien,2002-02,6682,24
leparisien,2002-03,7488,27
leparisien,2002-04,6690,18
leparisien,2002-05,7456,33
leparisien,2002-06,7156,33
leparisien,2002-07,6306,29
leparisien,2002-08,5125,44
leparisien,2002-09,7041,38
leparisien,2002-10,7493,33
leparisien,2002-11,6639,32
leparisien,2002-12,6321,29
leparisien,2003-01,6872,71
leparisien,2003-02,6717,29
leparisien,2003-03,7625,34
leparisien,2003-04,6787,19
leparisien,2003-05,6830,43
leparisien,2003-06,6258,43
leparisien,2003-07,5775,29
leparisien,2003-08,5350,46
leparisien,2003-09,6172,35
leparisien,2003-10,7095,34
leparisien,2003-11,6767,17
leparisien,2003-12,6570,35
leparisien,2004-01,6495,33
leparisien,2004-02,6743,31
leparisien,2004-03,7184,23
leparisien,2004-04,6501,37
leparisien,2004-05,6712,30
leparisien,2004-06,6205,47
leparisien,2004-07,5420,38
leparisien,2004-08,5296,35
leparisien,2004-09,6111,36
leparisien,2004-10,6633,27
leparisien,2004-11,6932,33
leparisien,2004-12,6505,33
leparisien,2005-01,6854,31
leparisien,2005-02,6270,36
leparisien,2005-03,6852,55
leparisien,2005-04,6958,32
leparisien,2005-05,6810,47
leparisien,2005-06,6225,66
leparisien,2005-07,5780,48
leparisien,2005-08,5117,29
leparisien,2005-09,6833,68
leparisien,2005-10,6787,70
leparisien,2005-11,6819,53
leparisien,2005-12,6488,51
leparisien,2006-01,6855,64
leparisien,2006-02,6235,54
leparisien,2006-03,6682,57
leparisien,2006-04,5985,56
leparisien,2006-05,6942,94
leparisien,2006-06,6376,71
leparisien,2006-07,5245,39
leparisien,2006-08,4783,40
leparisien,2006-09,6351,51
leparisien,2006-10,6709,88
leparisien,2006-11,6625,100
leparisien,2006-12,5851,82
leparisien,2007-01,7208,131
leparisien,2007-02,6564,89
leparisien,2007-03,7247,92
leparisien,2007-04,6570,90
leparisien,2007-05,7033,126
leparisien,2007-06,6360,123
leparisien,2007-07,5806,88
leparisien,2007-08,1968,21
leparisien,2007-09,6899,109
leparisien,2007-10,8327,43
leparisien,2007-11,8308,23
leparisien,2007-12,8099,21
leparisien,2008-01,8642,29
leparisien,2008-02,8044,17
leparisien,2008-03,8531,20
leparisien,2008-04,8140,23
leparisien,2008-05,8397,15
leparisien,2008-06,8210,29
leparisien,2008-07,7420,62
leparisien,2008-08,7014,76
leparisien,2008-09,8398,123
leparisien,2008-10,8639,144
leparisien,2008-11,8288,139
leparisien,2008-12,8187,129
leparisien,2009-01,8239,138
leparisien,2009-02,7667,115
leparisien,2009-03,8358,137
leparisien,2009-04,8233,139
leparisien,2009-05,8071,90
leparisien,2009-06,7820,137
leparisien,2009-07,7046,100
leparisien,2009-08,6132,65
leparisien,2009-09,8270,127
leparisien,2009-10,8462,127
leparisien,2009-11,7949,137
leparisien,2009-12,7783,191
leparisien,2010-01,8313,161
leparisien,2010-02,7821,142
leparisien,2010-03,8637,121
leparisien,2010-04,7961,145
leparisien,2010-05,8148,138
leparisien,2010-06,8050,130
leparisien,2010-07,6981,85
leparisien,2010-08,6179,62
leparisien,2010-09,7956,110
leparisien,2010-10,7923,121
leparisien,2010-11,8315,123
leparisien,2010-12,7883,123
leparisien,2011-01,8514,99
leparisien,2011-02,7851,81
leparisien,2011-03,8557,113
leparisien,2011-04,7877,145
leparisien,2011-05,6854,94
leparisien,2011-06,6592,74
leparisien,2011-07,6495,63
leparisien,2011-08,6793,65
leparisien,2011-09,8563,105
leparisien,2011-10,8297,83
leparisien,2011-11,8415,136
leparisien,2011-12,8610,115
leparisien,2012-01,8788,116
leparisien,2012-02,8190,117
leparisien,2012-03,8874,136
leparisien,2012-04,8490,131
leparisien,2012-05,8685,88
leparisien,2012-06,8620,114
leparisien,2012-07,7564,76
leparisien,2012-08,7545,85
leparisien,2012-09,8442,96
leparisien,2012-10,8823,128
leparisien,2012-11,8606,107
leparisien,2012-12,8483,103
leparisien,2013-01,8724,98
leparisien,2013-02,8013,104
leparisien,2013-03,8568,125
leparisien,2013-04,8208,106
leparisien,2013-05,7902,107
leparisien,2013-06,8394,122
leparisien,2013-07,8411,140
leparisien,2013-08,7951,70
leparisien,2013-09,8448,133
leparisien,2013-10,8997,87
leparisien,2013-11,8718,101
leparisien,2013-12,8572,79
leparisien,2014-01,3619,37
leparisien,2014-02,3708,53
leparisien,2014-03,5510,79
leparisien,2014-04,5633,110
leparisien,2014-05,6906,90
leparisien,2014-06,7608,104
leparisien,2014-07,7357,78
leparisien,2014-08,6945,76
leparisien,2014-09,6615,86
leparisien,2014-10,7112,108
leparisien,2014-11,6697,97
leparisien,2014-12,7389,83
leparisien,2015-01,8794,99
leparisien,2015-02,6206,80
leparisien,2015-03,7618,101
leparisien,2015-04,7064,96
leparisien,2015-05,8600,165
leparisien,2015-06,7676,195
leparisien,2015-07,7639,159
leparisien,2015-08,8447,134
leparisien,2015-09,7598,180
leparisien,2015-10,7296,179
leparisien,2015-11,7686,299
leparisien,2015-12,7945,264
leparisien,2016-01,7787,77
leparisien,2016-02,7207,80
leparisien,2016-03,6767,69
leparisien,2016-04,6101,65
leparisien,2016-05,7036,116
leparisien,2016-06,8499,119
leparisien,2016-07,8280,88
leparisien,2016-08,7458,75
leparisien,2016-09,7498,115
leparisien,2016-10,6899,94
leparisien,2016-11,8299,133
leparisien,2016-12,8081,100
leparisien,2017-01,6364,119
leparisien,2017-02,7005,111
leparisien,2017-03,7502,119
leparisien,2017-04,6784,122
leparisien,2017-05,7555,148
leparisien,2017-06,7376,178
leparisien,2017-07,6262,160
leparisien,2017-08,5479,87
leparisien,2017-09,6630,154
leparisien,2017-10,7547,153
leparisien,2017-11,7558,155
leparisien,2017-12,6462,144
leparisien,2018-01,7162,136
leparisien,2018-02,6377,161
leparisien,2018-03,6993,140
leparisien,2018-04,6486,127
leparisien,2018-05,7060,144
leparisien,2018-06,7448,164
leparisien,2018-07,6703,146
leparisien,2018-08,5328,162
leparisien,2018-09,6465,183
leparisien,2018-10,6716,198
leparisien,2018-11,6858,268
leparisien,2018-12,5697,203
leparisien,2019-01,6496,195
leparisien,2019-02,6014,182
leparisien,2019-03,6097,224
leparisien,2019-04,5738,201
leparisien,2019-05,6165,228
leparisien,2019-06,6085,237
leparisien,2019-07,5490,292
leparisien,2019-08,4523,215
leparisien,2019-09,5808,288
leparisien,2019-10,5729,242
leparisien,2019-11,5735,242
leparisien,2019-12,5432,243
leparisien,2020-01,6326,264
leparisien,2020-02,5667,271
leparisien,2020-03,6429,236
leparisien,2020-04,5270,87
leparisien,2020-05,5345,160
leparisien,2020-06,5567,199
leparisien,2020-07,4876,240
leparisien,2020-08,4286,154
leparisien,2020-09,5430,234
leparisien,2020-10,5106,203
leparisien,2020-11,4914,148
leparisien,2020-12,4749,179
leparisien,2021-01,5087,163
leparisien,2021-02,4718,203
leparisien,2021-03,5372,158
leparisien,2021-04,5069,179
leparisien,2021-05,5482,202
leparisien,2021-06,5819,214
leparisien,2021-07,5162,226
leparisien,2021-08,4409,199
leparisien,2021-09,5308,239
leparisien,2021-10,5481,263
leparisien,2021-11,4986,257
leparisien,2021-12,4646,197
leparisien,2022-01,5073,206
leparisien,2022-02,4824,241
leparisien,2022-03,5252,227
leparisien,2022-04,5261,261
leparisien,2022-05,4964,261
leparisien,2022-06,5361,330
leparisien,2022-07,4759,364
leparisien,2022-08,4218,376
leparisien,2022-09,4927,362
leparisien,2022-10,4907,385
leparisien,2022-11,4983,316
leparisien,2022-12,4675,228
leparisien,2023-01,4855,265
leparisien,2023-02,4395,220
leparisien,2023-03,4889,278
leparisien,2023-04,4454,236
leparisien,2023-05,5018,291
leparisien,2023-06,5416,337
leparisien,2023-07,4943,330
leparisien,2023-08,8741,551
leparisien,2023-09,10407,698
leparisien,2023-10,11042,588
leparisien,2023-11,10882,622
leparisien,2023-12,10212,514
leparisien,2024-01,11590,672
leparisien,2024-02,11690,586
leparisien,2024-03,12706,570
leparisien,2024-04,12230,484
leparisien,2024-05,13202,534
leparisien,2024-06,13108,480
leparisien,2024-07,4542,150
lesechos,1991-01,1859,6
lesechos,1991-02,1629,5
lesechos,1991-03,1774,9
lesechos,1991-04,1842,9
lesechos,1991-05,1607,9
lesechos,1991-06,1682,6
lesechos,1991-07,1672,10
lesechos,1991-08,1332,6
lesechos,1991-09,1717,7
lesechos,1991-10,1934,10
lesechos,1991-11,1768,6
lesechos,1991-12,1715,6
lesechos,1992-01,1965,3
lesechos,1992-02,1703,12
lesechos,1992-03,1868,7
lesechos,1992-04,1882,10
lesechos,1992-05,1561,11
lesechos,1992-06,1838,30
lesechos,1992-07,1587,3
lesechos,1992-08,1268,3
lesechos,1992-09,1840,9
lesechos,1992-10,1935,2
lesechos,1992-11,1764,6
lesechos,1992-12,1824,5
lesechos,1993-01,1767,6
lesechos,1993-02,1768,7
lesechos,1993-03,2065,12
lesechos,1993-04,1741,5
lesechos,1993-05,1704,9
lesechos,1993-06,1923,7
lesechos,1993-07,1587,4
lesechos,1993-08,1423,2
lesechos,1993-09,1888,13
lesechos,1993-10,1967,7
lesechos,1993-11,1807,8
lesechos,1993-12,2052,7
lesechos,1994-01,2012,4
lesechos,1994-02,1781,6
lesechos,1994-03,2212,13
lesechos,1994-04,1937,10
lesechos,1994-05,1935,10
lesechos,1994-06,2284,9
lesechos,1994-07,1556,8
lesechos,1994-08,1549,10
lesechos,1994-09,2146,8
lesechos,1994-10,2060,7
lesechos,1994-11,2113,6
lesechos,1994-12,2003,11
lesechos,1995-01,2210,9
lesechos,1995-02,2357,9
lesechos,1995-03,2812,13
lesechos,1995-04,2258,8
lesechos,1995-05,2462,9
lesechos,1995-06,2550,14
lesechos,1995-07,2109,9
lesechos,1995-08,1944,7
lesechos,1995-09,2428,9
lesechos,1995-10,1974,6
lesechos,1995-11,1826,3
lesechos,1995-12,1735,4
lesechos,1996-01,1975,3
lesechos,1996-02,1885,11
lesechos,1996-03,1912,11
lesechos,1996-04,1778,13
lesechos,1996-05,1719,11
lesechos,1996-06,1803,11
lesechos,1996-07,1570,8
lesechos,1996-08,1227,5
lesechos,1996-09,1804,16
lesechos,1996-10,1921,4
lesechos,1996-11,1775,6
lesechos,1996-12,1765,9
lesechos,1997-01,1899,11
lesechos,1997-02,1764,11
lesechos,1997-03,1855,11
lesechos,1997-04,1882,11
lesechos,1997-05,1748,8
lesechos,1997-06,1933,13
lesechos,1997-07,1470,17
lesechos,1997-08,1201,9
lesechos,1997-09,2085,12
lesechos,1997-10,2175,28
lesechos,1997-11,1846,21
lesechos,1997-12,1934,21
lesechos,1998-01,1966,10
lesechos,1998-02,1887,20
lesechos,1998-03,2234,25
lesechos,1998-04,1916,27
lesechos,1998-05,1726,19
lesechos,1998-06,2001,12
lesechos,1998-07,1582,12
lesechos,1998-08,1247,8
lesechos,1998-09,2112,20
lesechos,1998-10,2157,18
lesechos,1998-11,2011,23
lesechos,1998-12,2032,14
lesechos,1999-01,1967,19
lesechos,1999-02,1986,19
lesechos,1999-03,2312,26
lesechos,1999-04,2039,26
lesechos,1999-05,1851,18
lesechos,1999-06,2270,23
lesechos,1999-07,1678,14
lesechos,1999-08,1533,6
lesechos,1999-09,2169,10
lesechos,1999-10,2136,26
lesechos,1999-11,2057,38
lesechos,1999-12,2257,24
lesechos,2000-01,2217,23
lesechos,2000-02,2185,11
lesechos,2000-03,2588,25
lesechos,2000-04,1974,17
lesechos,2000-05,2363,24
lesechos,2000-06,2383,25
lesechos,2000-07,1776,19
lesechos,2000-08,1729,15
lesechos,2000-09,2492,39
lesechos,2000-10,2678,24
lesechos,2000-11,2710,59
lesechos,2000-12,2428,38
lesechos,2001-01,2874,44
lesechos,2001-02,2686,25
lesechos,2001-03,2906,29
lesechos,2001-04,2602,39
lesechos,2001-05,2456,45
lesechos,2001-06,2414,45
lesechos,2001-07,2222,40
lesechos,2001-08,1648,16
lesechos,2001-09,2552,35
lesechos,2001-10,2872,32
lesechos,2001-11,2527,31
lesechos,2001-12,2192,32
lesechos,2002-01,2445,38
lesechos,2002-02,2409,42
lesechos,2002-03,2754,53
lesechos,2002-04,2443,38
lesechos,2002-05,2161,31
lesechos,2002-06,2286,37
lesechos,2002-07,1920,21
lesechos,2002-08,1477,47
lesechos,2002-09,2412,58
lesechos,2002-10,2487,43
lesechos,2002-11,1909,35
lesechos,2002-12,1936,40
lesechos,2003-01,2157,39
lesechos,2003-02,2042,30
lesechos,2003-03,2248,39
lesechos,2003-04,2146,41
lesechos,2003-05,1936,35
lesechos,2003-06,2058,47
lesechos,2003-07,1780,25
lesechos,2003-08,1380,47
lesechos,2003-09,2361,54
lesechos,2003-10,3278,59
lesechos,2003-11,2793,66
lesechos,2003-12,2937,48
lesechos,2004-01,2896,41
lesechos,2004-02,2790,31
lesechos,2004-03,3287,45
lesechos,2004-04,2881,51
lesechos,2004-05,2546,40
lesechos,2004-06,2921,79
lesechos,2004-07,2337,39
lesechos,2004-08,2236,35
lesechos,2004-09,2981,45
lesechos,2004-10,3031,63
lesechos,2004-11,2793,50
lesechos,2004-12,3022,54
lesechos,2005-01,3019,58
lesechos,2005-02,3062,56
lesechos,2005-03,3340,80
lesechos,2005-04,3311,77
lesechos,2005-05,3077,59
lesechos,2005-06,3510,73
lesechos,2005-07,2627,39
lesechos,2005-08,2424,42
lesechos,2005-09,3321,77
lesechos,2005-10,3080,51
lesechos,2005-11,3007,60
lesechos,2005-12,3087,57
lesechos,2006-01,3410,65
lesechos,2006-02,3179,46
lesechos,2006-03,3724,65
lesechos,2006-04,3092,68
lesechos,2006-05,3178,106
lesechos,2006-06,3515,71
lesechos,2006-07,2736,58
lesechos,2006-08,2634,46
lesechos,2006-09,3431,68
lesechos,2006-10,3710,85
lesechos,2006-11,3435,93
lesechos,2006-12,3162,81
lesechos,2007-01,3524,113
lesechos,2007-02,3384,124
lesechos,2007-03,4096,183
lesechos,2007-04,3373,125
lesechos,2007-05,3205,128
lesechos,2007-06,3656,137
lesechos,2007-07,3658,93
lesechos,2007-08,3216,98
lesechos,2007-09,3835,154
lesechos,2007-10,4482,174
lesechos,2007-11,3904,120
lesechos,2007-12,3656,143
lesechos,2008-01,4181,145
lesechos,2008-02,3811,134
lesechos,2008-03,3802,123
lesechos,2008-04,4074,158
lesechos,2008-05,3640,144
lesechos,2008-06,3892,177
lesechos,2008-07,3434,105
lesechos,2008-08,2663,77
lesechos,2008-09,3848,106
lesechos,2008-10,4137,148
lesechos,2008-11,3332,113
lesechos,2008-12,3455,185
lesechos,2009-01,3151,120
lesechos,2009-02,3043,102
lesechos,2009-03,3232,130
lesechos,2009-04,3033,93
lesechos,2009-05,2595,108
lesechos,2009-06,3095,150
lesechos,2009-07,2659,95
lesechos,2009-08,2258,98
lesechos,2009-09,2934,194
lesechos,2009-10,2929,167
lesechos,2009-11,2632,153
lesechos,2009-12,2735,279
lesechos,2010-01,2505,127
lesechos,2010-02,2745,95
lesechos,2010-03,3553,188
lesechos,2010-04,2868,96
lesechos,2010-05,2649,123
lesechos,2010-06,3125,138
lesechos,2010-07,2524,79
lesechos,2010-08,2220,92
lesechos,2010-09,2968,111
lesechos,2010-10,2955,105
lesechos,2010-11,2864,139
lesechos,2010-12,2734,147
lesechos,2011-01,2917,123
lesechos,2011-02,2802,89
lesechos,2011-03,3576,140
lesechos,2011-04,2701,92
lesechos,2011-05,3275,125
lesechos,2011-06,2744,114
lesechos,2011-07,2163,57
lesechos,2011-08,1870,45
lesechos,2011-09,2942,70
lesechos,2011-10,2958,102
lesechos,2011-11,2916,132
lesechos,2011-12,2627,115
lesechos,2012-01,3153,113
lesechos,2012-02,3062,94
lesechos,2012-03,3528,137
lesechos,2012-04,3123,109
lesechos,2012-05,3259,112
lesechos,2012-06,3519,116
lesechos,2012-07,2750,77
lesechos,2012-08,2302,77
lesechos,2012-09,3217,124
lesechos,2012-10,4082,118
lesechos,2012-11,3710,154
lesechos,2012-12,3068,111
lesechos,2013-01,3314,125
lesechos,2013-02,3235,90
lesechos,2013-03,3340,106
lesechos,2013-04,3497,137
lesechos,2013-05,2858,97
lesechos,2013-06,3473,107
lesechos,2013-07,3191,158
lesechos,2013-08,2162,82
lesechos,2013-09,3397,144
lesechos,2013-10,3612,124
lesechos,2013-11,3221,113
lesechos,2013-12,2877,83
lesechos,2014-01,3355,125
lesechos,2014-02,3127,118
lesechos,2014-03,3647,119
lesechos,2014-04,3369,152
lesechos,2014-05,3655,143
lesechos,2014-06,4067,159
lesechos,2014-07,3327,98
lesechos,2014-08,2434,103
lesechos,2014-09,4375,162
lesechos,2014-10,4490,196
lesechos,2014-11,3776,172
lesechos,2014-12,3781,171
lesechos,2015-01,3887,125
lesechos,2015-02,3769,122
lesechos,2015-03,4234,148
lesechos,2015-04,3632,108
lesechos,2015-05,3164,137
lesechos,2015-06,4151,181
lesechos,2015-07,3211,133
lesechos,2015-08,2510,106
lesechos,2015-09,4104,222
lesechos,2015-10,4288,251
lesechos,2015-11,4079,338
lesechos,2015-12,3586,284
lesechos,2016-01,4285,174
lesechos,2016-02,4138,159
lesechos,2016-03,4066,134
lesechos,2016-04,3721,151
lesechos,2016-05,3565,123
lesechos,2016-06,4163,173
lesechos,2016-07,3124,102
lesechos,2016-08,2497,104
lesechos,2016-09,3990,167
lesechos,2016-10,3892,159
lesechos,2016-11,3844,237
lesechos,2016-12,3302,152
lesechos,2017-01,4048,201
lesechos,2017-02,3628,158
lesechos,2017-03,4390,167
lesechos,2017-04,3537,148
lesechos,2017-05,3896,230
lesechos,2017-06,4269,265
lesechos,2017-07,3272,195
lesechos,2017-08,2518,120
lesechos,2017-09,4440,296
lesechos,2017-10,5600,317
lesechos,2017-11,4826,275
lesechos,2017-12,4272,301
lesechos,2018-01,4891,239
lesechos,2018-02,4650,200
lesechos,2018-03,5215,223
lesechos,2018-04,4289,207
lesechos,2018-05,4477,224
lesechos,2018-06,5023,271
lesechos,2018-07,2734,159
lesechos,2018-08,3428,228
lesechos,2018-09,4860,342
lesechos,2018-10,5416,411
lesechos,2018-11,3486,329
lesechos,2018-12,3115,300
lesechos,2019-01,3074,188
lesechos,2019-02,2902,196
lesechos,2019-03,3005,238
lesechos,2019-04,2615,211
lesechos,2019-05,2569,252
lesechos,2019-06,2732,245
lesechos,2019-07,2383,251
lesechos,2019-08,1681,157
lesechos,2019-09,2740,277
lesechos,2019-10,2957,254
lesechos,2019-11,2578,259
lesechos,2019-12,2669,361
lesechos,2020-01,3030,314
lesechos,2020-02,2766,278
lesechos,2020-03,3200,191
lesechos,2020-04,2782,175
lesechos,2020-05,2372,196
lesechos,2020-06,2729,295
lesechos,2020-07,2344,287
lesechos,2020-08,1694,148
lesechos,2020-09,2723,354
lesechos,2020-10,2764,296
lesechos,2020-11,2698,264
lesechos,2020-12,2556,309
lesechos,2021-01,2632,290
lesechos,2021-02,2440,275
lesechos,2021-03,2873,348
lesechos,2021-04,2461,318
lesechos,2021-05,2353,288
lesechos,2021-06,2836,357
lesechos,2021-07,2333,293
lesechos,2021-08,1888,223
lesechos,2021-09,2894,404
lesechos,2021-10,2869,469
lesechos,2021-11,2687,411
lesechos,2021-12,2566,326
lesechos,2022-01,2805,396
lesechos,2022-02,2673,358
lesechos,2022-03,3153,438
lesechos,2022-04,2665,380
lesechos,2022-05,2565,379
lesechos,2022-06,2682,435
lesechos,2022-07,2204,341
lesechos,2022-08,1885,347
lesechos,2022-09,2885,485
lesechos,2022-10,2636,388
lesechos,2022-11,2655,499
lesechos,2022-12,2396,364
lesechos,2023-01,2819,419
lesechos,2023-02,2580,362
lesechos,2023-03,2847,465
lesechos,2023-04,2393,381
lesechos,2023-05,2373,360
lesechos,2023-06,2751,478
lesechos,2023-07,2201,394
lesechos,2023-08,1881,268
lesechos,2023-09,2679,491
lesechos,2023-10,2685,395
lesechos,2023-11,2604,421
lesechos,2023-12,2321,387
lesechos,2024-01,2654,411
lesechos,2024-02,2626,422
lesechos,2024-03,2631,375
lesechos,2024-04,2521,390
lesechos,2024-05,2486,395
lesechos,2024-06,2702,345
lesechos,2024-07,2496,297
lesechos,2024-08,1791,222
lesechos,2024-09,3148,378
lesechos,2024-10,2212,251
liberation,1998-01,2247,6
liberation,1998-02,2173,11
liberation,1998-03,2407,12
liberation,1998-04,2119,8
liberation,1998-05,2008,12
liberation,1998-06,2095,5
liberation,1998-07,1673,6
liberation,1998-08,1382,8
liberation,1998-09,2062,7
liberation,1998-10,2042,14
liberation,1998-11,1887,17
liberation,1998-12,2103,13
liberation,1999-01,2035,15
liberation,1999-02,2018,12
liberation,1999-03,2238,10
liberation,1999-04,1996,8
liberation,1999-05,2083,8
liberation,1999-06,2239,12
liberation,1999-07,1894,13
liberation,1999-08,1759,11
liberation,1999-09,2100,12
liberation,1999-10,2222,14
liberation,1999-11,2268,18
liberation,1999-12,2144,22
liberation,2000-01,2198,33
liberation,2000-02,2047,13
liberation,2000-03,2517,16
liberation,2000-04,2049,22
liberation,2000-05,2438,21
liberation,2000-06,2422,14
liberation,2000-07,2199,17
liberation,2000-08,1958,18
liberation,2000-09,2564,32
liberation,2000-10,2628,19
liberation,2000-11,2587,47
liberation,2000-12,2445,29
liberation,2001-01,2597,17
liberation,2001-02,2507,16
liberation,2001-03,2662,30
liberation,2001-04,2419,22
liberation,2001-05,2922,27
liberation,2001-06,2549,43
liberation,2001-07,2113,31
liberation,2001-08,1825,14
liberation,2001-09,2334,17
liberation,2001-10,2506,21
liberation,2001-11,2497,22
liberation,2001-12,2402,22
liberation,2002-01,2279,25
liberation,2002-02,2322,30
liberation,2002-03,2601,31
liberation,2002-04,2305,17
liberation,2002-05,2301,31
liberation,2002-06,2412,27
liberation,2002-07,2126,29
liberation,2002-08,1762,62
liberation,2002-09,2348,42
liberation,2002-10,2442,25
liberation,2002-11,2348,45
liberation,2002-12,2164,33
liberation,2003-01,2112,23
liberation,2003-02,2211,20
liberation,2003-03,2277,27
liberation,2003-04,2167,24
liberation,2003-05,2376,40
liberation,2003-06,2277,29
liberation,2003-07,2155,27
liberation,2003-08,1767,44
liberation,2003-09,2438,46
liberation,2003-10,2629,56
liberation,2003-11,2304,44
liberation,2003-12,2250,51
liberation,2004-01,2693,48
liberation,2004-02,2475,45
liberation,2004-03,2886,43
liberation,2004-04,2526,57
liberation,2004-05,2636,45
liberation,2004-06,2722,68
liberation,2004-07,2178,34
liberation,2004-08,2136,32
liberation,2004-09,2509,56
liberation,2004-10,2460,47
liberation,2004-11,2504,53
liberation,2004-12,2414,51
liberation,2005-01,2447,49
liberation,2005-02,2429,71
liberation,2005-03,2684,59
liberation,2005-04,2519,33
liberation,2005-05,2646,59
liberation,2005-06,2615,54
liberation,2005-07,2118,42
liberation,2005-08,1921,46
liberation,2005-09,2544,32
liberation,2005-10,2481,39
liberation,2005-11,2096,45
liberation,2005-12,2383,42
liberation,2006-01,2366,42
liberation,2006-02,2450,35
liberation,2006-03,2547,38
liberation,2006-04,2290,41
liberation,2006-05,2363,59
liberation,2006-06,2622,57
liberation,2006-07,2259,31
liberation,2006-08,2023,48
liberation,2006-09,2537,77
liberation,2006-10,2593,76
liberation,2006-11,2720,82
liberation,2006-12,2153,40
liberation,2007-01,2489,96
liberation,2007-02,2434,74
liberation,2007-03,2748,81
liberation,2007-04,2271,75
liberation,2007-05,2419,97
liberation,2007-06,2485,91
liberation,2007-07,1881,54
liberation,2007-08,1675,68
liberation,2007-09,2207,93
liberation,2007-10,2223,86
liberation,2007-11,2235,79
liberation,2007-12,1815,86
liberation,2008-01,2249,70
liberation,2008-02,1997,56
liberation,2008-03,2103,48
liberation,2008-04,2156,97
liberation,2008-05,2089,65
liberation,2008-06,2596,83
liberation,2008-07,2012,58
liberation,2008-08,1975,53
liberation,2008-09,2843,115
liberation,2008-10,2242,69
liberation,2008-11,2038,55
liberation,2008-12,2087,81
liberation,2009-01,2056,59
liberation,2009-02,1922,50
liberation,2009-03,2220,40
liberation,2009-04,2047,62
liberation,2009-05,2043,58
liberation,2009-06,2178,89
liberation,2009-07,2285,73
liberation,2009-08,1835,55
liberation,2009-09,2380,102
liberation,2009-10,2361,68
liberation,2009-11,2158,93
liberation,2009-12,2038,174
liberation,2010-01,2061,56
liberation,2010-02,2074,53
liberation,2010-03,2380,81
liberation,2010-04,2114,48
liberation,2010-05,2342,52
liberation,2010-06,2296,39
liberation,2010-07,2163,46
liberation,2010-08,2094,59
liberation,2010-09,2467,63
liberation,2010-10,2579,67
liberation,2010-11,2539,61
liberation,2010-12,2414,62
liberation,2011-01,2584,46
liberation,2011-02,2308,34
liberation,2011-03,2516,46
liberation,2011-04,2402,43
liberation,2011-05,2538,44
liberation,2011-06,2472,43
liberation,2011-07,2167,35
liberation,2011-08,2057,25
liberation,2011-09,2413,42
liberation,2011-10,2441,47
liberation,2011-11,2588,72
liberation,2011-12,2332,51
liberation,2012-01,2860,60
liberation,2012-02,2740,57
liberation,2012-03,3041,54
liberation,2012-04,2936,48
liberation,2012-05,3043,53
liberation,2012-06,3083,85
liberation,2012-07,2390,50
liberation,2012-08,2472,67
liberation,2012-09,2815,71
liberation,2012-10,2793,61
liberation,2012-11,2588,70
liberation,2012-12,2307,58
liberation,2013-01,2678,56
liberation,2013-02,2517,43
liberation,2013-03,2561,51
liberation,2013-04,2473,70
liberation,2013-05,2386,43
liberation,2013-06,2611,60
liberation,2013-07,2588,75
liberation,2013-08,2031,71
liberation,2013-09,2707,111
liberation,2013-10,3165,93
liberation,2013-11,2552,75
liberation,2013-12,2379,49
liberation,2014-01,2706,70
liberation,2014-02,2508,69
liberation,2014-03,2715,63
liberation,2014-04,2618,96
liberation,2014-05,2764,70
liberation,2014-06,2674,88
liberation,2014-07,2495,47
liberation,2014-08,2290,48
liberation,2014-09,2703,67
liberation,2014-10,2589,97
liberation,2014-11,2330,88
liberation,2014-12,2318,92
liberation,2015-01,2331,53
liberation,2015-02,2029,43
liberation,2015-03,2124,52
liberation,2015-04,1797,51
liberation,2015-05,2048,69
liberation,2015-06,2015,89
liberation,2015-07,1868,60
liberation,2015-08,1536,59
liberation,2015-09,2077,107
liberation,2015-10,2165,117
liberation,2015-11,2035,151
liberation,2015-12,1937,156
liberation,2016-01,1909,47
liberation,2016-02,1781,44
liberation,2016-03,2024,40
liberation,2016-04,1842,46
liberation,2016-05,2069,51
liberation,2016-06,2076,61
liberation,2016-07,1842,48
liberation,2016-08,1690,45
liberation,2016-09,2074,101
liberation,2016-10,1941,67
liberation,2016-11,2104,69
liberation,2016-12,1975,82
liberation,2017-01,2017,134
liberation,2017-02,1793,76
liberation,2017-03,2245,88
liberation,2017-04,1794,68
liberation,2017-05,2158,89
liberation,2017-06,1901,89
liberation,2017-07,1628,72
liberation,2017-08,1424,62
liberation,2017-09,1848,91
liberation,2017-10,1958,82
liberation,2017-11,1891,92
liberation,2017-12,1840,94
liberation,2018-01,1936,93
liberation,2018-02,1747,77
liberation,2018-03,1906,92
liberation,2018-04,1858,82
liberation,2018-05,2076,104
liberation,2018-06,2098,71
liberation,2018-07,1793,84
liberation,2018-08,1470,113
liberation,2018-09,1719,135
liberation,2018-10,1896,142
liberation,2018-11,1880,182
liberation,2018-12,1529,150
liberation,2019-01,1847,138
liberation,2019-02,1625,131
liberation,2019-03,1846,166
liberation,2019-04,1678,120
liberation,2019-05,2078,211
liberation,2019-06,1664,142
liberation,2019-07,1787,201
liberation,2019-08,1383,139
liberation,2019-09,1731,200
liberation,2019-10,1867,148
liberation,2019-11,1614,142
liberation,2019-12,1664,158
liberation,2020-01,1807,159
liberation,2020-02,1673,118
liberation,2020-03,1933,122
liberation,2020-04,1723,115
liberation,2020-05,1640,159
liberation,2020-06,1564,152
liberation,2020-07,1439,144
liberation,2020-08,1040,79
liberation,2020-09,1370,139
liberation,2020-10,1516,109
liberation,2020-11,1706,115
liberation,2020-12,1277,108
liberation,2021-01,1221,74
liberation,2021-02,1900,132
liberation,2021-03,2598,209
liberation,2021-04,1594,128
liberation,2021-05,1950,153
liberation,2021-06,2112,167
liberation,2021-07,2097,165
liberation,2021-08,1585,128
liberation,2021-09,2032,208
liberation,2021-10,1885,204
liberation,2021-11,1892,239
liberation,2021-12,1897,142
liberation,2022-01,2038,167
liberation,2022-02,1990,172
liberation,2022-03,2118,206
liberation,2022-04,1996,192
liberation,2022-05,1915,219
liberation,2022-06,2091,261
liberation,2022-07,1771,272
liberation,2022-08,1559,256
liberation,2022-09,2105,312
liberation,2022-10,1980,292
liberation,2022-11,2098,339
liberation,2022-12,1977,223
liberation,2023-01,2045,243
liberation,2023-02,1762,192
liberation,2023-03,2076,275
liberation,2023-04,1864,233
liberation,2023-05,1915,266
liberation,2023-06,2249,315
liberation,2023-07,1911,273
liberation,2023-08,1730,299
liberation,2023-09,2271,332
liberation,2023-10,2140,262
liberation,2023-11,2203,307
liberation,2023-12,1945,261
liberation,2024-01,2177,276
liberation,2024-02,2155,255
liberation,2024-03,2520,268
liberation,2024-04,2571,259
liberation,2024-05,857,115
mediapart,2008-03,73,3
mediapart,2008-04,57,1
mediapart,2008-05,42,3
mediapart,2008-06,53,6
mediapart,2008-07,131,7
mediapart,2008-08,75,5
mediapart,2008-09,122,8
mediapart,2008-10,112,11
mediapart,2008-11,89,9
mediapart,2008-12,111,14
mediapart,2009-01,87,2
mediapart,2009-02,84,2
mediapart,2009-03,95,2
mediapart,2009-04,78,5
mediapart,2009-05,91,5
mediapart,2009-06,68,8
mediapart,2009-07,83,11
mediapart,2009-08,68,7
mediapart,2009-09,73,13
mediapart,2009-10,65,5
mediapart,2009-11,88,11
mediapart,2009-12,106,24
mediapart,2010-01,85,7
mediapart,2010-02,66,3
mediapart,2010-03,80,10
mediapart,2010-04,86,10
mediapart,2010-05,95,8
mediapart,2010-06,97,8
mediapart,2010-07,100,4
mediapart,2010-08,85,5
mediapart,2010-09,96,6
mediapart,2010-10,98,10
mediapart,2010-11,87,8
mediapart,2010-12,82,5
mediapart,2011-01,75,1
mediapart,2011-02,58,4
mediapart,2011-03,67,5
mediapart,2011-04,100,7
mediapart,2011-05,132,7
mediapart,2011-06,111,8
mediapart,2011-07,118,16
mediapart,2011-08,98,2
mediapart,2011-09,105,10
mediapart,2011-10,138,8
mediapart,2011-11,121,15
mediapart,2011-12,116,7
mediapart,2012-01,115,10
mediapart,2012-02,104,9
mediapart,2012-03,100,5
mediapart,2012-04,117,9
mediapart,2012-05,99,9
mediapart,2012-06,136,21
mediapart,2012-07,106,11
mediapart,2012-08,77,3
mediapart,2012-09,112,17
mediapart,2012-10,125,10
mediapart,2012-11,121,10
mediapart,2012-12,105,7
mediapart,2013-01,122,8
mediapart,2013-02,102,7
mediapart,2013-03,120,7
mediapart,2013-04,140,13
mediapart,2013-05,130,8
mediapart,2013-06,132,10
mediapart,2013-07,138,7
mediapart,2013-08,88,9
mediapart,2013-09,145,16
mediapart,2013-10,129,10
mediapart,2013-11,128,13
mediapart,2013-12,114,13
mediapart,2014-01,141,10
mediapart,2014-02,157,13
mediapart,2014-03,159,10
mediapart,2014-04,146,16
mediapart,2014-05,152,9
mediapart,2014-06,151,17
mediapart,2014-07,170,11
mediapart,2014-08,141,9
mediapart,2014-09,170,21
mediapart,2014-10,181,23
mediapart,2014-11,155,10
mediapart,2014-12,156,10
mediapart,2015-01,179,7
mediapart,2015-02,147,7
mediapart,2015-03,189,14
mediapart,2015-04,165,7
mediapart,2015-05,181,16
mediapart,2015-06,200,10
mediapart,2015-07,188,19
mediapart,2015-08,135,12
mediapart,2015-09,217,14
mediapart,2015-10,183,19
mediapart,2015-11,209,32
mediapart,2015-12,215,28
mediapart,2016-01,183,17
mediapart,2016-02,183,19
mediapart,2016-03,212,12
mediapart,2016-04,184,11
mediapart,2016-05,191,11
mediapart,2016-06,228,11
mediapart,2016-07,194,14
mediapart,2016-08,143,5
mediapart,2016-09,177,14
mediapart,2016-10,199,11
mediapart,2016-11,216,19
mediapart,2016-12,227,9
mediapart,2017-01,224,11
mediapart,2017-02,202,9
mediapart,2017-03,243,14
mediapart,2017-04,241,16
mediapart,2017-05,210,16
mediapart,2017-06,188,22
mediapart,2017-07,198,21
mediapart,2017-08,155,14
mediapart,2017-09,184,24
mediapart,2017-10,236,16
mediapart,2017-11,167,18
mediapart,2017-12,186,21
mediapart,2018-01,174,18
mediapart,2018-02,178,9
mediapart,2018-03,232,20
mediapart,2018-04,198,20
mediapart,2018-05,197,8
mediapart,2018-06,216,13
mediapart,2018-07,181,12
mediapart,2018-08,154,21
mediapart,2018-09,178,20
mediapart,2018-10,221,30
mediapart,2018-11,240,39
mediapart,2018-12,228,41
mediapart,2019-01,263,22
mediapart,2019-02,256,19
mediapart,2019-03,311,26
mediapart,2019-04,280,17
mediapart,2019-05,308,67
mediapart,2019-06,259,34
mediapart,2019-07,283,44
mediapart,2019-08,203,34
mediapart,2019-09,294,44
mediapart,2019-10,351,58
mediapart,2019-11,251,27
mediapart,2019-12,265,27
mediapart,2020-01,260,29
mediapart,2020-02,270,29
mediapart,2020-03,359,34
mediapart,2020-04,324,32
mediapart,2020-05,292,23
mediapart,2020-06,315,26
mediapart,2020-07,268,32
mediapart,2020-08,209,26
mediapart,2020-09,311,34
mediapart,2020-10,318,30
mediapart,2020-11,348,33
mediapart,2020-12,313,40
mediapart,2021-01,298,25
mediapart,2021-02,267,18
mediapart,2021-03,333,43
mediapart,2021-04,293,28
mediapart,2021-05,317,27
mediapart,2021-06,344,37
mediapart,2021-07,301,43
mediapart,2021-08,242,32
mediapart,2021-09,308,56
mediapart,2021-10,325,41
mediapart,2021-11,316,46
mediapart,2021-12,310,29
mediapart,2022-01,309,36
mediapart,2022-02,329,43
mediapart,2022-03,448,36
mediapart,2022-04,388,42
mediapart,2022-05,298,31
mediapart,2022-06,330,41
mediapart,2022-07,292,53
mediapart,2022-08,250,53
mediapart,2022-09,299,41
mediapart,2022-10,343,51
mediapart,2022-11,311,65
mediapart,2022-12,308,50
mediapart,2023-01,296,33
mediapart,2023-02,297,31
mediapart,2023-03,353,40
mediapart,2023-04,331,43
mediapart,2023-05,328,49
mediapart,2023-06,349,42
mediapart,2023-07,324,58
mediapart,2023-08,295,44
mediapart,2023-09,316,49
mediapart,2023-10,412,29
mediapart,2023-11,393,41
mediapart,2023-12,364,55
mediapart,2024-01,348,49
mediapart,2024-02,333,54
mediapart,2024-03,340,46
