media,month,total,query_climatique,query_effet_de_serre,query_biodiversite,query_transition,query_durable
lacroix,1970-01,2,0,0,0,0,0
lacroix,1993-09,1,0,0,0,0,0
lacroix,1995-05,78,0,0,0,0,0
lacroix,1995-09,2021,6,4,4,0,0
lacroix,1995-10,2079,4,4,1,0,4
lacroix,1995-11,1452,1,2,1,0,3
lacroix,1995-12,1521,1,2,1,0,2
lacroix,1996-01,1879,3,2,0,0,2
lacroix,1996-02,1987,6,5,0,0,2
lacroix,1996-03,1885,1,2,0,0,1
lacroix,1996-04,1808,3,1,0,0,1
lacroix,1996-05,1669,3,2,1,0,0
lacroix,1996-06,1926,5,7,2,0,4
lacroix,1996-07,1672,4,2,1,0,0
lacroix,1996-08,1579,5,4,0,0,1
lacroix,1996-09,1893,2,2,0,0,1
lacroix,1996-10,2027,3,1,0,0,5
lacroix,1996-11,1826,3,1,0,0,2
lacroix,1996-12,1852,2,1,0,0,7
lacroix,1997-01,2021,7,0,0,0,1
lacroix,1997-02,1900,7,2,1,0,1
lacroix,1997-03,1945,2,2,0,0,0
lacroix,1997-04,1887,3,1,1,0,4
lacroix,1997-05,1920,0,1,1,0,1
lacroix,1997-06,1882,9,7,3,0,5
lacroix,1997-07,1752,4,0,0,0,0
lacroix,1997-08,1559,2,1,0,0,1
lacroix,1997-09,2009,3,4,1,0,2
lacroix,1997-10,2125,4,4,0,0,1
lacroix,1997-11,1763,7,8,1,0,3
lacroix,1997-12,1967,9,15,0,0,4
lacroix,1998-01,1134,4,4,0,0,5
lacroix,1998-02,1042,5,6,2,0,8
lacroix,1998-03,1086,3,0,0,0,3
lacroix,1998-04,904,1,0,0,0,2
lacroix,1998-05,820,1,1,1,0,0
lacroix,1998-06,925,1,2,0,0,2
lacroix,1998-07,761,1,0,0,0,4
lacroix,1998-08,732,8,0,0,0,0
lacroix,1998-09,1078,3,0,0,0,6
lacroix,1998-10,1139,3,2,2,0,4
lacroix,1998-11,1012,5,2,2,0,4
lacroix,1998-12,1099,7,4,0,0,3
lacroix,1999-01,1031,4,8,0,0,4
lacroix,1999-02,933,6,1,1,0,2
lacroix,1999-03,898,3,2,0,0,2
lacroix,1999-04,993,4,1,0,0,1
lacroix,1999-05,934,1,0,1,0,1
lacroix,1999-06,1034,2,3,0,0,8
lacroix,1999-07,831,2,0,1,0,0
lacroix,1999-08,776,3,2,0,0,3
lacroix,1999-09,1075,2,0,4,0,6
lacroix,1999-10,1092,6,8,2,0,5
lacroix,1999-11,995,3,3,0,0,4
lacroix,1999-12,1066,6,3,1,0,4
lacroix,2000-01,1093,5,6,2,0,7
lacroix,2000-02,1095,5,4,1,0,12
lacroix,2000-03,1162,2,0,1,0,3
lacroix,2000-04,986,5,6,1,0,4
lacroix,2000-05,1038,2,3,1,0,5
lacroix,2000-06,981,2,2,3,0,5
lacroix,2000-07,804,3,2,0,0,4
lacroix,2000-08,782,3,0,2,0,0
lacroix,2000-09,1081,9,11,2,0,8
lacroix,2000-10,1086,5,5,2,0,5
lacroix,2000-11,1095,18,24,1,1,9
lacroix,2000-12,1016,5,11,1,0,6
lacroix,2001-01,1105,10,4,0,0,5
lacroix,2001-02,1028,11,8,4,0,8
lacroix,2001-03,1142,6,8,1,0,4
lacroix,2001-04,1043,17,15,2,0,7
lacroix,2001-05,1127,9,11,3,0,11
lacroix,2001-06,1101,9,7,0,0,8
lacroix,2001-07,911,10,12,2,0,6
lacroix,2001-08,820,5,5,1,0,5
lacroix,2001-09,1051,5,5,1,0,6
lacroix,2001-10,1202,7,6,2,0,6
lacroix,2001-11,1120,7,5,2,0,11
lacroix,2001-12,1126,6,3,0,0,6
lacroix,2002-01,1225,10,7,0,0,12
lacroix,2002-02,1148,4,2,1,0,15
lacroix,2002-03,1100,6,5,3,0,10
lacroix,2002-04,1096,4,5,2,0,11
lacroix,2002-05,1062,3,5,2,0,10
lacroix,2002-06,1071,11,4,0,0,14
lacroix,2002-07,1069,8,7,4,0,15
lacroix,2002-08,830,12,11,4,0,21
lacroix,2002-09,1139,8,13,3,0,25
lacroix,2002-10,1283,5,5,8,0,17
lacroix,2002-11,1083,13,5,2,0,14
lacroix,2002-12,1089,4,2,1,0,13
lacroix,2003-01,1202,4,4,2,0,7
lacroix,2003-02,1095,7,2,3,0,10
lacroix,2003-03,1138,12,2,1,0,10
lacroix,2003-04,1183,7,3,3,0,12
lacroix,2003-05,1075,5,4,7,0,19
lacroix,2003-06,1152,14,3,3,0,23
lacroix,2003-07,1066,5,4,4,0,8
lacroix,2003-08,811,19,1,5,0,10
lacroix,2003-09,1279,32,8,4,0,16
lacroix,2003-10,1393,11,4,3,0,13
lacroix,2003-11,1117,6,6,3,0,19
lacroix,2003-12,1171,17,6,4,0,16
lacroix,2004-01,1358,4,6,3,0,13
lacroix,2004-02,1335,12,3,5,0,17
lacroix,2004-03,1434,10,1,1,0,12
lacroix,2004-04,1327,14,11,5,0,20
lacroix,2004-05,1268,8,4,4,0,7
lacroix,2004-06,1373,11,10,5,0,19
lacroix,2004-07,1105,5,8,7,0,13
lacroix,2004-08,1240,13,1,1,0,12
lacroix,2004-09,1395,12,7,7,0,19
lacroix,2004-10,1430,12,9,3,0,18
lacroix,2004-11,1304,12,6,6,0,11
lacroix,2004-12,1384,13,10,1,0,18
lacroix,2005-01,1418,22,7,13,0,13
lacroix,2005-02,1337,15,11,7,0,15
lacroix,2005-03,1405,7,3,6,0,17
lacroix,2005-04,1420,5,5,2,0,22
lacroix,2005-05,1377,10,4,2,0,20
lacroix,2005-06,1416,18,7,1,0,25
lacroix,2005-07,1091,24,15,5,0,19
lacroix,2005-08,1165,9,1,4,0,8
lacroix,2005-09,1473,20,8,2,0,24
lacroix,2005-10,1424,13,2,6,0,13
lacroix,2005-11,1323,13,12,6,0,15
lacroix,2005-12,1469,21,10,2,0,7
lacroix,2006-01,1604,11,4,5,0,20
lacroix,2006-02,1476,12,5,3,0,23
lacroix,2006-03,1598,11,4,10,0,17
lacroix,2006-04,1364,12,4,7,0,17
lacroix,2006-05,1466,17,10,7,0,23
lacroix,2006-06,1538,14,6,11,0,14
lacroix,2006-07,1279,25,5,7,0,9
lacroix,2006-08,1330,18,3,5,0,13
lacroix,2006-09,1564,15,11,1,0,20
lacroix,2006-10,1544,31,13,7,0,22
lacroix,2006-11,1522,19,15,7,0,25
lacroix,2006-12,1495,25,5,4,0,9
lacroix,2007-01,1684,47,22,5,0,34
lacroix,2007-02,1508,37,26,3,0,27
lacroix,2007-03,1661,31,9,10,0,27
lacroix,2007-04,1622,24,8,8,0,22
lacroix,2007-05,1630,41,12,15,0,37
lacroix,2007-06,1886,43,19,3,0,30
lacroix,2007-07,1551,39,9,8,0,25
lacroix,2007-08,1462,30,7,4,0,13
lacroix,2007-09,1601,46,22,10,0,23
lacroix,2007-10,1777,42,21,21,0,48
lacroix,2007-11,1634,26,11,3,0,23
lacroix,2007-12,1515,54,26,5,0,27
lacroix,2008-01,1796,27,17,4,0,31
lacroix,2008-02,1762,16,3,10,0,27
lacroix,2008-03,1655,28,8,2,1,24
lacroix,2008-04,1797,31,8,19,0,25
lacroix,2008-05,1606,22,8,13,0,20
lacroix,2008-06,1849,41,4,6,0,28
lacroix,2008-07,1610,33,15,3,0,38
lacroix,2008-08,1555,23,11,4,0,18
lacroix,2008-09,2019,40,13,6,0,38
lacroix,2008-10,2006,30,11,14,0,49
lacroix,2008-11,1748,39,6,5,0,38
lacroix,2008-12,1916,67,22,6,1,42
lacroix,2009-01,1918,39,9,10,0,30
lacroix,2009-02,1818,47,14,12,0,32
lacroix,2009-03,1953,25,4,8,0,32
lacroix,2009-04,1802,43,4,8,0,38
lacroix,2009-05,1639,22,12,9,0,30
lacroix,2009-06,1840,51,14,14,0,61
lacroix,2009-07,1616,37,18,4,1,20
lacroix,2009-08,1598,22,13,9,0,31
lacroix,2009-09,1917,70,22,20,0,41
lacroix,2009-10,2071,48,18,10,0,41
lacroix,2009-11,1899,41,19,8,0,23
lacroix,2009-12,1948,113,63,15,0,38
lacroix,2010-01,2061,52,16,19,0,22
lacroix,2010-02,1933,27,10,15,0,38
lacroix,2010-03,2342,33,9,13,0,31
lacroix,2010-04,2030,33,4,7,0,32
lacroix,2010-05,1972,34,7,29,0,38
lacroix,2010-06,2032,29,8,25,0,27
lacroix,2010-07,1835,31,4,13,0,21
lacroix,2010-08,1881,30,4,27,0,17
lacroix,2010-09,2193,31,8,16,0,34
lacroix,2010-10,2062,37,10,27,0,19
lacroix,2010-11,2001,32,8,16,0,32
lacroix,2010-12,2126,38,10,14,0,31
lacroix,2011-01,2067,40,12,7,0,25
lacroix,2011-02,980,8,4,6,0,9
lacroix,2011-03,2109,20,6,11,1,23
lacroix,2011-04,1895,13,8,4,1,26
lacroix,2011-05,2367,42,12,9,4,22
lacroix,2011-06,2339,37,12,11,0,21
lacroix,2011-07,2037,20,8,6,0,17
lacroix,2011-08,2115,24,7,8,0,23
lacroix,2011-09,2530,14,4,17,0,43
lacroix,2011-10,2467,16,2,11,1,29
lacroix,2011-11,2301,59,22,9,3,38
lacroix,2011-12,2122,26,10,3,0,20
lacroix,2012-01,2356,24,10,14,2,33
lacroix,2012-02,2469,24,5,4,1,35
lacroix,2012-03,2686,39,15,8,6,46
lacroix,2012-04,2466,29,3,6,10,41
lacroix,2012-05,2536,21,5,17,12,36
lacroix,2012-06,2666,21,14,20,3,50
lacroix,2012-07,2634,38,5,16,12,34
lacroix,2012-08,2789,35,4,9,4,23
lacroix,2012-09,2798,23,9,22,18,33
lacroix,2012-10,2875,30,4,7,1,23
lacroix,2012-11,2629,34,28,11,21,37
lacroix,2012-12,2491,25,14,10,8,29
lacroix,2013-01,2471,27,19,11,7,40
lacroix,2013-02,2262,19,8,15,7,15
lacroix,2013-03,2212,18,13,10,9,22
lacroix,2013-04,11186,131,31,30,13,138
lacroix,2013-05,2299,23,10,5,19,32
lacroix,2013-06,2478,23,5,9,9,32
lacroix,2013-07,2556,24,18,19,34,38
lacroix,2013-08,1960,32,9,12,9,12
lacroix,2013-09,2391,44,20,22,22,40
lacroix,2013-10,2396,33,6,6,15,35
lacroix,2013-11,2247,32,10,5,8,31
lacroix,2013-12,2267,19,5,11,12,26
lacroix,2014-01,2540,38,19,10,15,28
lacroix,2014-02,2317,21,15,9,23,37
lacroix,2014-03,2523,33,8,17,16,29
lacroix,2014-04,2346,21,11,13,20,49
lacroix,2014-05,2474,19,4,12,19,36
lacroix,2014-06,2555,30,14,12,26,40
lacroix,2014-07,2291,28,10,7,13,23
lacroix,2014-08,2181,24,3,12,7,14
lacroix,2014-09,2635,52,23,20,29,39
lacroix,2014-10,2636,33,17,8,38,36
lacroix,2014-11,2380,52,17,9,18,24
lacroix,2014-12,2328,61,14,14,8,35
lacroix,2015-01,2581,45,12,11,17,33
lacroix,2015-02,2271,61,25,25,36,34
lacroix,2015-03,2505,63,13,18,20,44
lacroix,2015-04,2312,40,9,6,9,32
lacroix,2015-05,2107,85,31,13,13,47
lacroix,2015-06,2543,110,34,33,17,58
lacroix,2015-07,2289,81,23,9,16,52
lacroix,2015-08,2034,70,25,17,12,32
lacroix,2015-09,2509,108,30,21,22,68
lacroix,2015-10,2449,112,55,14,31,67
lacroix,2015-11,2466,168,59,17,12,65
lacroix,2015-12,2558,192,57,14,37,62
lacroix,2016-01,3366,60,14,25,20,43
lacroix,2016-02,2822,41,8,17,18,24
lacroix,2016-03,3048,36,4,17,15,25
lacroix,2016-04,2836,38,18,15,15,28
lacroix,2016-05,2946,28,12,13,21,29
lacroix,2016-06,3328,45,3,10,16,37
lacroix,2016-07,2762,24,4,18,6,15
lacroix,2016-08,2536,44,11,15,12,16
lacroix,2016-09,3146,53,14,12,18,33
lacroix,2016-10,2980,75,22,21,18,42
lacroix,2016-11,3210,80,40,19,26,48
lacroix,2016-12,3150,50,9,10,20,30
lacroix,2017-01,3255,63,12,22,45,37
lacroix,2017-02,2863,42,10,13,35,31
lacroix,2017-03,3449,53,8,13,39,51
lacroix,2017-04,2951,66,14,13,39,48
lacroix,2017-05,3370,84,21,25,40,46
lacroix,2017-06,3327,93,30,13,31,46
lacroix,2017-07,2793,63,11,17,47,29
lacroix,2017-08,2688,46,5,22,27,16
lacroix,2017-09,3048,93,18,19,52,30
lacroix,2017-10,3039,83,10,18,32,25
lacroix,2017-11,2997,117,39,20,55,56
lacroix,2017-12,2959,76,10,19,35,26
lacroix,2018-01,3112,80,24,33,33,38
lacroix,2018-02,2797,60,12,17,29,25
lacroix,2018-03,3225,56,11,34,35,34
lacroix,2018-04,2846,38,11,11,26,36
lacroix,2018-05,2923,46,7,35,29,20
lacroix,2018-06,3178,62,12,27,41,42
lacroix,2018-07,2785,59,16,22,30,26
lacroix,2018-08,2549,62,21,34,53,37
lacroix,2018-09,2971,116,30,49,75,40
lacroix,2018-10,2969,102,39,31,48,40
lacroix,2018-11,2877,89,15,11,67,26
lacroix,2018-12,2887,154,34,21,97,42
lacroix,2019-01,3129,87,18,14,65,33
lacroix,2019-02,2813,73,18,41,68,36
lacroix,2019-03,2909,106,15,33,66,34
lacroix,2019-04,2799,89,10,31,63,24
lacroix,2019-05,2943,112,23,59,53,46
lacroix,2019-06,2726,83,25,39,37,52
lacroix,2019-07,2697,123,38,29,65,35
lacroix,2019-08,2385,127,22,45,45,30
lacroix,2019-09,2853,131,37,41,59,46
lacroix,2019-10,3013,130,26,26,49,40
lacroix,2019-11,2671,115,27,28,55,28
lacroix,2019-12,2569,148,42,14,44,36
lacroix,2020-01,2936,129,35,25,52,28
lacroix,2020-02,2626,93,18,38,58,34
lacroix,2020-03,3052,105,26,32,33,20
lacroix,2020-04,2509,73,9,33,29,28
lacroix,2020-05,2437,66,5,37,46,35
lacroix,2020-06,2786,105,42,53,81,41
lacroix,2020-07,2505,70,16,36,67,40
lacroix,2020-08,2300,75,16,34,29,20
lacroix,2020-09,2862,123,21,55,71,42
lacroix,2020-10,2781,97,23,32,39,29
lacroix,2020-11,2714,102,25,17,40,23
lacroix,2020-12,2754,95,25,21,49,32
lacroix,2021-01,2763,106,23,31,45,32
lacroix,2021-02,2464,72,19,28,39,21
lacroix,2021-03,2977,109,27,48,58,56
lacroix,2021-04,2609,126,35,38,48,38
lacroix,2021-05,2593,78,22,33,38,30
lacroix,2021-06,3066,107,21,34,60,40
lacroix,2021-07,2567,127,24,28,37,23
lacroix,2021-08,2361,145,21,50,39,26
lacroix,2021-09,2832,149,38,59,61,39
lacroix,2021-10,2627,141,55,41,57,57
lacroix,2021-11,2594,185,48,41,57,69
lacroix,2021-12,2713,103,13,28,42,32
lacroix,2022-01,2789,113,16,27,40,18
lacroix,2022-02,2508,95,17,21,52,36
lacroix,2022-03,2886,132,17,32,64,53
lacroix,2022-04,2710,112,28,27,56,30
lacroix,2022-05,2724,169,23,56,79,37
lacroix,2022-06,2851,123,26,28,85,30
lacroix,2022-07,2316,128,22,31,67,28
lacroix,2022-08,2182,161,18,60,61,36
lacroix,2022-09,2714,149,27,34,78,47
lacroix,2022-10,2592,145,20,39,72,43
lacroix,2022-11,2578,165,57,42,67,52
lacroix,2022-12,2631,127,20,57,47,32
lacroix,2023-01,2658,130,34,43,63,38
lacroix,2023-02,2355,114,23,25,51,40
lacroix,2023-03,2629,111,29,46,61,27
lacroix,2023-04,2349,123,36,29,60,34
lacroix,2023-05,2325,139,43,37,61,29
lacroix,2023-06,2549,161,30,48,61,41
lacroix,2023-07,2191,135,23,47,67,45
lacroix,2023-08,2110,163,25,44,38,13
lacroix,2023-09,2525,191,56,57,133,48
lacroix,2023-10,2485,154,37,45,74,30
lacroix,2023-11,2404,143,37,27,62,39
lacroix,2023-12,1373,99,33,13,48,32
lacroix,2024-01,1336,84,16,27,66,22
lacroix,2024-02,1168,66,16,31,37,10
lacroix,2024-03,1257,57,21,15,49,15
lacroix,2024-04,1210,80,21,14,31,18
lacroix,2024-05,1204,72,20,21,36,12
lacroix,2024-06,1234,83,16,13,22,17
lacroix,2024-07,929,53,10,15,18,10
lefigaro,2004-12,84,0,0,0,0,0
lefigaro,2005-04,2,0,0,0,0,0
lefigaro,2005-05,3,0,0,0,0,0
lefigaro,2005-06,3,0,0,0,0,0
lefigaro,2005-07,23,0,0,0,0,0
lefigaro,2005-08,20,0,0,0,0,0
lefigaro,2005-09,40,0,1,0,0,0
lefigaro,2005-10,94,0,1,0,0,0
lefigaro,2005-11,111,0,0,0,0,0
lefigaro,2005-12,127,1,2,1,0,0
lefigaro,2006-01,363,1,2,0,0,0
lefigaro,2006-02,4025,25,12,5,0,7
lefigaro,2006-03,3539,25,5,4,0,7
lefigaro,2006-04,3296,30,18,20,0,16
lefigaro,2006-05,3715,29,15,15,1,28
lefigaro,2006-06,3795,33,9,7,2,14
lefigaro,2006-07,2889,26,14,6,0,15
lefigaro,2006-08,2579,21,6,9,0,15
lefigaro,2006-09,3699,34,11,10,0,40
lefigaro,2006-10,3812,37,27,6,0,25
lefigaro,2006-11,3919,57,26,14,0,50
lefigaro,2006-12,3789,37,18,4,0,28
lefigaro,2007-01,4864,84,41,13,0,36
lefigaro,2007-02,4460,64,23,19,0,38
lefigaro,2007-03,5796,61,34,14,0,48
lefigaro,2007-04,5493,56,29,11,1,40
lefigaro,2007-05,7197,81,29,10,0,98
lefigaro,2007-06,6689,84,41,8,1,78
lefigaro,2007-07,5141,56,9,11,0,36
lefigaro,2007-08,5631,70,15,3,0,31
lefigaro,2007-09,8364,80,40,13,0,52
lefigaro,2007-10,7622,112,53,39,0,85
lefigaro,2007-11,9199,95,43,7,0,76
lefigaro,2007-12,8372,88,48,7,0,40
lefigaro,2008-01,9804,74,29,5,0,47
lefigaro,2008-02,10995,51,11,9,0,49
lefigaro,2008-03,11725,65,21,8,0,44
lefigaro,2008-04,11587,56,29,5,0,79
lefigaro,2008-05,11184,78,17,14,0,65
lefigaro,2008-06,11419,77,34,12,1,66
lefigaro,2008-07,10149,65,20,7,1,60
lefigaro,2008-08,10876,42,6,1,0,18
lefigaro,2008-09,11345,56,18,3,1,69
lefigaro,2008-10,12896,58,28,6,0,81
lefigaro,2008-11,11383,74,16,5,0,71
lefigaro,2008-12,10652,86,28,7,1,67
lefigaro,2009-01,14576,109,28,7,0,54
lefigaro,2009-02,13455,62,20,11,0,46
lefigaro,2009-03,14217,73,15,8,0,55
lefigaro,2009-04,13827,58,20,12,0,78
lefigaro,2009-05,13073,53,13,10,0,43
lefigaro,2009-06,13830,88,24,7,0,108
lefigaro,2009-07,12565,67,25,5,0,63
lefigaro,2009-08,11854,67,25,5,0,21
lefigaro,2009-09,13474,101,45,8,0,73
lefigaro,2009-10,14391,86,32,10,0,93
lefigaro,2009-11,13423,163,65,4,0,75
lefigaro,2009-12,13590,269,127,14,0,95
lefigaro,2010-01,15771,126,28,21,1,86
lefigaro,2010-02,15941,90,27,12,1,70
lefigaro,2010-03,16615,109,31,10,1,108
lefigaro,2010-04,15210,77,22,21,0,86
lefigaro,2010-05,13972,67,23,22,3,77
lefigaro,2010-06,15182,45,19,12,1,61
lefigaro,2010-07,13249,67,24,6,1,48
lefigaro,2010-08,12650,51,13,17,1,44
lefigaro,2010-09,13748,52,19,7,1,65
lefigaro,2010-10,14379,63,20,18,0,59
lefigaro,2010-11,13803,69,28,13,0,77
lefigaro,2010-12,12981,122,19,3,0,48
lefigaro,2011-01,14460,67,8,4,0,61
lefigaro,2011-02,13253,51,5,9,0,55
lefigaro,2011-03,15611,51,23,8,0,55
lefigaro,2011-04,13393,50,18,7,0,61
lefigaro,2011-05,14631,48,20,11,4,60
lefigaro,2011-06,13556,46,16,16,4,58
lefigaro,2011-07,13265,50,12,7,1,39
lefigaro,2011-08,12571,37,3,5,1,27
lefigaro,2011-09,13877,26,10,8,4,51
lefigaro,2011-10,14087,55,12,13,5,55
lefigaro,2011-11,13758,47,27,15,14,75
lefigaro,2011-12,12545,68,21,7,2,41
lefigaro,2012-01,13977,50,14,10,4,51
lefigaro,2012-02,12984,123,9,10,5,57
lefigaro,2012-03,14345,57,15,10,7,64
lefigaro,2012-04,13500,37,14,11,6,51
lefigaro,2012-05,13792,28,14,11,5,69
lefigaro,2012-06,13940,44,13,9,3,88
lefigaro,2012-07,13714,47,9,10,12,44
lefigaro,2012-08,12804,27,5,12,7,30
lefigaro,2012-09,12619,29,5,13,29,50
lefigaro,2012-10,14209,48,14,12,8,52
lefigaro,2012-11,13543,66,24,14,32,53
lefigaro,2012-12,12260,53,18,7,18,45
lefigaro,2013-01,13485,70,10,6,28,39
lefigaro,2013-02,12927,42,10,8,18,41
lefigaro,2013-03,13033,53,8,4,9,33
lefigaro,2013-04,12993,40,11,8,12,38
lefigaro,2013-05,12855,51,17,7,20,53
lefigaro,2013-06,12628,48,18,6,11,43
lefigaro,2013-07,12152,27,16,9,63,68
lefigaro,2013-08,11784,37,8,8,16,26
lefigaro,2013-09,12040,50,16,11,76,53
lefigaro,2013-10,13159,41,14,8,22,51
lefigaro,2013-11,12485,61,27,2,8,35
lefigaro,2013-12,10911,34,8,7,19,32
lefigaro,2014-01,11116,43,15,6,31,42
lefigaro,2014-02,10512,46,12,11,19,41
lefigaro,2014-03,11376,38,8,6,28,47
lefigaro,2014-04,10983,37,17,26,51,66
lefigaro,2014-05,10437,31,8,10,21,45
lefigaro,2014-06,10838,57,14,10,52,57
lefigaro,2014-07,11129,46,12,6,40,48
lefigaro,2014-08,9813,33,4,15,18,18
lefigaro,2014-09,10894,58,11,9,35,32
lefigaro,2014-10,11500,50,23,9,104,58
lefigaro,2014-11,10741,70,27,8,26,49
lefigaro,2014-12,10705,77,25,5,22,54
lefigaro,2015-01,11674,68,17,6,36,38
lefigaro,2015-02,10658,51,18,10,27,52
lefigaro,2015-03,11701,72,17,17,33,52
lefigaro,2015-04,10777,54,14,12,17,43
lefigaro,2015-05,10617,68,30,10,33,58
lefigaro,2015-06,11058,102,28,15,29,57
lefigaro,2015-07,10120,71,16,12,23,61
lefigaro,2015-08,9395,82,18,11,42,44
lefigaro,2015-09,10978,109,45,8,39,70
lefigaro,2015-10,10979,123,35,20,28,65
lefigaro,2015-11,10407,205,86,11,41,85
lefigaro,2015-12,9700,149,40,7,28,77
lefigaro,2016-01,10231,66,14,9,20,44
lefigaro,2016-02,10584,68,14,18,35,40
lefigaro,2016-03,10735,47,12,19,29,51
lefigaro,2016-04,10424,58,15,15,29,45
lefigaro,2016-05,10606,73,9,17,24,59
lefigaro,2016-06,11243,61,6,16,25,45
lefigaro,2016-07,9989,39,12,12,9,26
lefigaro,2016-08,10121,66,17,12,12,31
lefigaro,2016-09,10638,98,27,16,28,39
lefigaro,2016-10,10500,84,25,19,25,68
lefigaro,2016-11,10902,124,46,13,35,79
lefigaro,2016-12,9677,86,16,13,29,46
lefigaro,2017-01,10812,76,14,3,52,69
lefigaro,2017-02,9828,65,10,20,43,57
lefigaro,2017-03,11230,94,25,21,44,77
lefigaro,2017-04,10047,72,7,10,27,46
lefigaro,2017-05,10764,85,14,15,63,72
lefigaro,2017-06,10658,125,32,24,84,74
lefigaro,2017-07,9913,113,17,12,95,64
lefigaro,2017-08,9161,82,19,18,55,36
lefigaro,2017-09,9818,109,24,20,81,63
lefigaro,2017-10,10489,87,22,14,78,64
lefigaro,2017-11,10174,97,35,11,96,83
lefigaro,2017-12,8950,115,26,18,76,64
lefigaro,2018-01,10502,106,19,17,82,58
lefigaro,2018-02,10046,83,16,20,86,32
lefigaro,2018-03,10710,69,14,24,75,53
lefigaro,2018-04,10038,79,15,30,62,53
lefigaro,2018-05,10302,74,20,35,58,50
lefigaro,2018-06,10713,88,7,33,83,71
lefigaro,2018-07,10465,69,23,25,59,44
lefigaro,2018-08,8991,94,26,52,100,40
lefigaro,2018-09,10194,104,29,35,135,75
lefigaro,2018-10,10668,124,36,22,118,60
lefigaro,2018-11,10129,158,52,25,254,85
lefigaro,2018-12,8956,113,36,19,136,50
lefigaro,2019-01,10921,99,28,27,140,49
lefigaro,2019-02,10422,134,32,23,138,46
lefigaro,2019-03,11682,175,30,52,122,65
lefigaro,2019-04,10876,151,34,39,143,83
lefigaro,2019-05,11189,214,44,98,142,78
lefigaro,2019-06,10860,210,62,48,128,97
lefigaro,2019-07,10323,212,35,40,182,73
lefigaro,2019-08,8374,177,36,54,56,36
lefigaro,2019-09,10626,257,71,46,153,69
lefigaro,2019-10,10655,188,38,44,124,85
lefigaro,2019-11,9809,181,51,25,105,74
lefigaro,2019-12,8568,213,57,27,102,53
lefigaro,2020-01,9466,236,52,41,112,91
lefigaro,2020-02,8776,219,41,49,107,80
lefigaro,2020-03,9395,98,19,17,58,29
lefigaro,2020-04,8901,77,9,26,56,42
lefigaro,2020-05,8938,91,17,28,105,50
lefigaro,2020-06,9280,155,61,39,144,55
lefigaro,2020-07,9157,137,45,47,168,60
lefigaro,2020-08,7406,86,13,35,65,19
lefigaro,2020-09,9873,215,56,61,204,102
lefigaro,2020-10,10030,134,41,53,106,72
lefigaro,2020-11,9862,137,32,38,103,88
lefigaro,2020-12,9010,165,58,73,94,70
lefigaro,2021-01,9126,136,26,40,80,72
lefigaro,2021-02,8487,179,39,34,109,82
lefigaro,2021-03,9499,147,46,31,99,83
lefigaro,2021-04,8789,185,61,43,100,76
lefigaro,2021-05,8550,157,38,32,102,84
lefigaro,2021-06,8851,201,46,49,115,76
lefigaro,2021-07,8251,199,50,40,76,76
lefigaro,2021-08,7277,161,38,24,42,35
lefigaro,2021-09,8608,278,59,76,123,106
lefigaro,2021-10,8891,300,88,46,184,125
lefigaro,2021-11,8555,238,87,57,114,88
lefigaro,2021-12,7829,154,30,34,88,65
lefigaro,2022-01,8722,174,35,51,118,70
lefigaro,2022-02,8417,184,54,49,114,93
lefigaro,2022-03,9065,161,36,37,111,74
lefigaro,2022-04,8101,187,38,49,85,90
lefigaro,2022-05,8416,194,50,37,124,96
lefigaro,2022-06,8335,250,51,64,159,108
lefigaro,2022-07,7239,252,60,58,133,71
lefigaro,2022-08,6816,291,59,51,135,71
lefigaro,2022-09,8245,344,61,66,217,147
lefigaro,2022-10,8197,295,75,56,195,102
lefigaro,2022-11,7919,317,103,58,175,144
lefigaro,2022-12,6761,197,37,57,125,109
lefigaro,2023-01,7945,254,57,70,161,120
lefigaro,2023-02,7511,217,37,50,158,84
lefigaro,2023-03,8362,267,46,71,172,90
lefigaro,2023-04,7311,219,37,58,132,77
lefigaro,2023-05,7879,303,81,63,154,93
lefigaro,2023-06,7609,300,60,84,159,85
lefigaro,2023-07,6626,280,52,57,130,79
lefigaro,2023-08,6519,243,35,56,89,49
lefigaro,2023-09,7515,293,65,73,165,96
lefigaro,2023-10,7659,187,46,55,146,75
lefigaro,2023-11,7339,272,82,44,172,82
lefigaro,2023-12,6608,194,66,51,151,77
lefigaro,2024-01,7826,219,42,62,169,69
lefigaro,2024-02,7400,217,36,84,155,69
lefigaro,2024-03,5,0,0,0,0,0
lemonde,1945-01,966,0,0,0,0,0
lemonde,1945-02,1056,0,0,0,0,0
lemonde,1945-03,1048,0,0,0,0,0
lemonde,1945-04,928,0,0,0,0,0
lemonde,1945-05,1093,1,0,0,0,0
lemonde,1945-06,963,0,0,0,0,0
lemonde,1945-07,1147,0,0,0,0,0
lemonde,1945-08,977,0,0,0,0,0
lemonde,1945-09,1116,0,0,0,0,0
lemonde,1945-10,1333,0,0,0,0,0
lemonde,1945-11,1421,1,0,0,0,0
lemonde,1945-12,1435,1,0,0,0,0
lemonde,1946-01,1281,0,0,0,0,0
lemonde,1946-02,1329,0,0,0,0,0
lemonde,1946-03,1348,1,0,0,0,0
lemonde,1946-04,1295,1,0,0,0,0
lemonde,1946-05,1397,1,1,0,0,0
lemonde,1946-06,1350,0,0,0,0,0
lemonde,1946-07,1761,1,0,0,0,0
lemonde,1946-08,1497,2,0,0,0,0
lemonde,1946-09,1462,2,0,0,0,0
lemonde,1946-10,1550,0,0,0,0,0
lemonde,1946-11,1561,0,0,0,0,0
lemonde,1946-12,1654,1,0,0,0,0
lemonde,1947-01,1328,1,0,0,0,0
lemonde,1947-02,697,0,0,0,0,0
lemonde,1947-03,662,2,0,0,0,0
lemonde,1947-04,1553,1,0,0,0,0
lemonde,1947-05,1679,1,0,0,0,0
lemonde,1947-06,1426,2,0,0,0,0
lemonde,1947-07,1499,0,0,0,0,0
lemonde,1947-08,1548,1,0,0,0,0
lemonde,1947-09,1547,0,0,0,0,0
lemonde,1947-10,1489,0,0,0,0,0
lemonde,1947-11,1252,1,0,0,0,0
lemonde,1947-12,912,0,0,0,0,0
lemonde,1948-01,1503,2,0,0,0,0
lemonde,1948-02,1447,0,0,0,0,0
lemonde,1948-03,1589,0,0,0,0,0
lemonde,1948-04,1673,2,0,0,0,0
lemonde,1948-05,1486,0,0,0,0,0
lemonde,1948-06,1483,2,0,0,0,0
lemonde,1948-07,1615,0,0,0,0,0
lemonde,1948-08,1721,5,0,0,0,0
lemonde,1948-09,1448,1,0,0,0,0
lemonde,1948-10,1566,2,0,0,0,0
lemonde,1948-11,1400,0,0,0,0,0
lemonde,1948-12,1822,1,0,0,0,0
lemonde,1949-01,1563,1,0,0,0,0
lemonde,1949-02,1489,1,0,0,0,0
lemonde,1949-03,1624,0,0,0,0,0
lemonde,1949-04,1680,1,0,0,0,0
lemonde,1949-05,1859,2,0,0,0,0
lemonde,1949-06,1734,1,0,0,0,0
lemonde,1949-07,1779,1,0,0,0,0
lemonde,1949-08,1828,0,0,0,0,0
lemonde,1949-09,1522,2,0,0,0,0
lemonde,1949-10,1904,3,0,0,0,0
lemonde,1949-11,1898,2,0,0,0,0
lemonde,1949-12,2016,2,0,0,0,0
lemonde,1950-01,2038,1,0,0,0,0
lemonde,1950-02,1620,0,0,0,0,0
lemonde,1950-03,1980,2,0,0,0,0
lemonde,1950-04,1818,0,0,0,0,0
lemonde,1950-05,1940,2,0,0,0,0
lemonde,1950-06,2041,1,0,0,0,0
lemonde,1950-07,1957,3,0,0,0,0
lemonde,1950-08,1753,1,0,0,0,0
lemonde,1950-09,1826,3,0,0,0,0
lemonde,1950-10,1896,1,0,0,0,0
lemonde,1950-11,1856,1,0,0,0,0
lemonde,1950-12,1956,0,0,0,0,0
lemonde,1951-01,1978,0,0,0,0,0
lemonde,1951-02,1873,3,0,0,0,0
lemonde,1951-03,2068,0,0,0,0,0
lemonde,1951-04,1873,1,0,0,0,0
lemonde,1951-05,1990,0,0,0,0,0
lemonde,1951-06,1939,3,0,0,0,0
lemonde,1951-07,1883,1,0,0,0,0
lemonde,1951-08,1491,0,0,0,0,0
lemonde,1951-09,1956,2,0,0,0,0
lemonde,1951-10,1968,0,0,0,0,0
lemonde,1951-11,1745,2,0,0,0,0
lemonde,1951-12,1907,1,0,0,0,0
lemonde,1952-01,2188,3,0,0,0,0
lemonde,1952-02,1855,1,0,0,0,0
lemonde,1952-03,1969,2,0,0,0,0
lemonde,1952-04,2107,1,0,0,0,0
lemonde,1952-05,2164,1,0,0,0,0
lemonde,1952-06,2219,1,0,0,0,0
lemonde,1952-07,2089,1,0,0,0,0
lemonde,1952-08,2013,2,0,0,0,0
lemonde,1952-09,2081,3,0,0,0,0
lemonde,1952-10,2133,0,0,0,0,0
lemonde,1952-11,2058,1,0,0,0,0
lemonde,1952-12,2355,0,0,0,0,0
lemonde,1953-01,2174,0,0,0,0,0
lemonde,1953-02,1826,0,0,0,0,0
lemonde,1953-03,2117,0,0,0,0,0
lemonde,1953-04,1987,1,0,0,0,0
lemonde,1953-05,2077,1,0,0,0,0
lemonde,1953-06,2082,2,0,0,0,0
lemonde,1953-07,2376,2,0,0,0,0
lemonde,1953-08,2183,2,0,0,0,0
lemonde,1953-09,2060,0,0,0,0,0
lemonde,1953-10,2366,0,0,0,0,0
lemonde,1953-11,2301,2,0,0,0,0
lemonde,1953-12,2402,0,0,0,0,0
lemonde,1954-01,2205,2,0,0,0,0
lemonde,1954-02,1944,1,0,0,0,0
lemonde,1954-03,2298,2,0,0,0,0
lemonde,1954-04,2255,3,0,0,0,0
lemonde,1954-05,2370,2,0,0,0,0
lemonde,1954-06,2588,2,0,0,0,0
lemonde,1954-07,2209,0,0,0,0,1
lemonde,1954-08,2133,2,0,0,0,0
lemonde,1954-09,2097,1,0,0,0,0
lemonde,1954-10,2465,0,0,0,0,0
lemonde,1954-11,2329,1,0,0,0,0
lemonde,1954-12,2391,1,0,0,0,0
lemonde,1955-01,2162,2,0,0,0,0
lemonde,1955-02,1953,2,0,0,0,0
lemonde,1955-03,2373,4,0,0,0,0
lemonde,1955-04,2052,3,0,0,0,0
lemonde,1955-05,2124,3,0,0,0,0
lemonde,1955-06,2464,0,0,0,0,0
lemonde,1955-07,2463,2,0,0,0,0
lemonde,1955-08,2503,1,0,0,0,1
lemonde,1955-09,2161,5,0,0,0,0
lemonde,1955-10,2291,0,0,0,0,0
lemonde,1955-11,2211,3,0,0,0,0
lemonde,1955-12,2401,3,0,0,0,0
lemonde,1956-01,2090,4,0,0,0,0
lemonde,1956-02,2108,4,0,0,0,0
lemonde,1956-03,2404,2,0,0,0,0
lemonde,1956-04,2404,3,0,0,0,0
lemonde,1956-05,2548,0,0,0,0,0
lemonde,1956-06,2363,4,0,0,0,0
lemonde,1956-07,2301,2,0,0,0,0
lemonde,1956-08,2470,3,0,0,0,0
lemonde,1956-09,2344,3,0,0,0,0
lemonde,1956-10,2656,0,0,0,0,0
lemonde,1956-11,2677,3,0,0,0,0
lemonde,1956-12,2449,1,0,0,0,0
lemonde,1957-01,2349,0,0,0,0,0
lemonde,1957-02,2244,1,0,0,0,0
lemonde,1957-03,2534,4,1,0,0,0
lemonde,1957-04,2478,6,0,0,0,0
lemonde,1957-05,2557,3,0,0,0,0
lemonde,1957-06,2483,1,0,0,0,0
lemonde,1957-07,2242,2,0,0,0,0
lemonde,1957-08,2226,2,0,0,0,0
lemonde,1957-09,2219,2,0,0,0,0
lemonde,1957-10,2585,1,0,0,0,0
lemonde,1957-11,2518,2,0,0,0,0
lemonde,1957-12,2364,1,0,0,0,0
lemonde,1958-01,2347,3,0,0,0,0
lemonde,1958-02,2087,3,0,0,0,0
lemonde,1958-03,2432,1,0,0,0,0
lemonde,1958-04,2354,0,0,0,0,0
lemonde,1958-05,2319,0,0,0,0,0
lemonde,1958-06,2541,1,0,0,0,0
lemonde,1958-07,2666,2,0,0,0,0
lemonde,1958-08,2441,1,0,0,0,0
lemonde,1958-09,2521,5,0,0,0,0
lemonde,1958-10,2474,3,0,0,0,0
lemonde,1958-11,2454,1,0,0,0,0
lemonde,1958-12,2155,1,0,0,0,0
lemonde,1959-01,2361,1,0,0,0,0
lemonde,1959-02,2441,6,0,0,0,0
lemonde,1959-03,2271,1,0,0,0,0
lemonde,1959-04,2512,1,0,0,0,0
lemonde,1959-05,2165,2,0,0,0,0
lemonde,1959-06,2263,2,0,0,0,0
lemonde,1959-07,2568,2,0,0,0,0
lemonde,1959-08,2365,4,0,0,0,0
lemonde,1959-09,2366,1,0,0,0,0
lemonde,1959-10,2387,5,0,0,0,0
lemonde,1959-11,2240,0,0,0,0,0
lemonde,1959-12,2511,6,0,0,0,0
lemonde,1960-01,2486,4,0,0,0,0
lemonde,1960-02,2582,2,0,0,0,0
lemonde,1960-03,2556,2,0,0,0,0
lemonde,1960-04,2177,2,0,0,0,0
lemonde,1960-05,2342,4,0,0,0,0
lemonde,1960-06,2418,3,0,0,0,0
lemonde,1960-07,2578,2,0,0,0,0
lemonde,1960-08,2146,0,0,0,0,0
lemonde,1960-09,2438,4,0,0,0,0
lemonde,1960-10,2370,1,0,0,0,0
lemonde,1960-11,2345,1,0,0,0,0
lemonde,1960-12,2442,3,0,0,0,0
lemonde,1961-01,2355,5,0,0,0,0
lemonde,1961-02,2418,3,0,0,0,0
lemonde,1961-03,2574,3,0,0,0,0
lemonde,1961-04,2539,1,0,0,0,0
lemonde,1961-05,2390,1,0,0,0,0
lemonde,1961-06,2309,1,0,0,0,0
lemonde,1961-07,2502,3,0,0,0,0
lemonde,1961-08,2321,0,0,0,0,0
lemonde,1961-09,2437,2,1,0,0,0
lemonde,1961-10,2291,4,0,0,0,0
lemonde,1961-11,2433,0,0,0,0,0
lemonde,1961-12,2353,2,0,0,0,0
lemonde,1962-01,2775,1,0,0,0,0
lemonde,1962-02,2510,2,0,0,0,0
lemonde,1962-03,3099,4,0,0,0,0
lemonde,1962-04,2755,4,0,0,0,0
lemonde,1962-05,2818,5,0,0,0,0
lemonde,1962-06,2813,5,0,0,0,0
lemonde,1962-07,2554,7,0,0,0,0
lemonde,1962-08,2386,3,1,0,0,0
lemonde,1962-09,2553,7,0,0,0,0
lemonde,1962-10,3258,3,0,0,0,0
lemonde,1962-11,2754,6,0,0,0,0
lemonde,1962-12,2750,3,0,0,0,0
lemonde,1963-01,2611,4,0,0,0,0
lemonde,1963-02,2427,5,0,0,0,0
lemonde,1963-03,3046,6,0,0,0,0
lemonde,1963-04,2658,4,0,0,0,0
lemonde,1963-05,2787,4,0,0,0,0
lemonde,1963-06,2599,4,0,0,0,0
lemonde,1963-07,2503,4,0,0,0,0
lemonde,1963-08,2334,4,0,0,0,0
lemonde,1963-09,2663,13,0,0,0,0
lemonde,1963-10,2970,5,0,0,0,1
lemonde,1963-11,2742,1,0,0,0,0
lemonde,1963-12,2734,8,0,0,0,0
lemonde,1964-01,2807,3,0,0,0,1
lemonde,1964-02,2855,3,0,0,0,0
lemonde,1964-03,3026,1,0,0,0,0
lemonde,1964-04,2929,6,0,0,0,0
lemonde,1964-05,2960,4,0,0,0,0
lemonde,1964-06,2817,5,0,0,0,0
lemonde,1964-07,2674,2,0,0,0,0
lemonde,1964-08,2198,3,0,0,0,0
lemonde,1964-09,2546,5,1,0,0,0
lemonde,1964-10,2784,4,0,0,0,0
lemonde,1964-11,2717,0,0,0,0,0
lemonde,1964-12,2935,3,0,0,0,0
lemonde,1965-01,2869,2,0,0,0,0
lemonde,1965-02,2519,3,1,0,0,0
lemonde,1965-03,3028,5,0,0,0,0
lemonde,1965-04,2856,4,0,0,0,0
lemonde,1965-05,2570,3,0,0,0,0
lemonde,1965-06,3007,1,0,0,0,0
lemonde,1965-07,2895,1,0,0,0,0
lemonde,1965-08,2530,5,0,0,0,0
lemonde,1965-09,2786,7,0,0,0,0
lemonde,1965-10,2890,7,0,0,0,0
lemonde,1965-11,3009,6,0,0,0,0
lemonde,1965-12,2981,0,0,0,0,0
lemonde,1966-01,2829,4,0,0,0,0
lemonde,1966-02,2701,0,0,0,0,0
lemonde,1966-03,3057,5,0,0,0,0
lemonde,1966-04,2722,5,0,0,0,0
lemonde,1966-05,2705,2,0,0,0,0
lemonde,1966-06,2824,8,0,0,0,0
lemonde,1966-07,2805,2,0,0,0,0
lemonde,1966-08,2704,8,0,0,0,0
lemonde,1966-09,2815,6,0,0,0,0
lemonde,1966-10,2754,5,0,0,0,0
lemonde,1966-11,2754,7,0,0,0,0
lemonde,1966-12,2988,4,0,0,0,0
lemonde,1967-01,2944,2,0,0,0,0
lemonde,1967-02,2884,4,0,0,0,0
lemonde,1967-03,3464,5,0,0,0,0
lemonde,1967-04,2910,6,0,0,0,0
lemonde,1967-05,2983,5,0,0,0,0
lemonde,1967-06,3056,4,0,0,0,0
lemonde,1967-07,3038,7,0,0,0,0
lemonde,1967-08,2757,5,0,0,0,0
lemonde,1967-09,3181,7,0,0,0,0
lemonde,1967-10,3100,5,0,0,0,0
lemonde,1967-11,2968,5,0,0,0,0
lemonde,1967-12,2987,5,0,0,0,0
lemonde,1968-01,3129,4,0,0,0,0
lemonde,1968-02,3187,7,0,0,0,0
lemonde,1968-03,3315,3,0,0,0,0
lemonde,1968-04,3093,2,0,0,0,0
lemonde,1968-05,3101,1,0,0,0,1
lemonde,1968-06,3218,2,0,0,0,0
lemonde,1968-07,3093,2,0,0,0,0
lemonde,1968-08,2877,7,0,0,0,0
lemonde,1968-09,3122,12,0,0,0,0
lemonde,1968-10,3155,4,0,0,0,0
lemonde,1968-11,3421,6,1,0,0,0
lemonde,1968-12,3429,2,0,0,0,0
lemonde,1969-01,3626,3,0,0,0,1
lemonde,1969-02,3473,3,0,0,0,0
lemonde,1969-03,3449,3,0,0,0,0
lemonde,1969-04,3655,8,0,0,0,0
lemonde,1969-05,3658,1,0,0,0,0
lemonde,1969-06,3210,2,0,0,0,0
lemonde,1969-07,3434,6,0,0,0,0
lemonde,1969-08,3030,2,1,0,0,1
lemonde,1969-09,3264,4,0,0,0,0
lemonde,1969-10,3584,5,0,0,0,0
lemonde,1969-11,3439,3,0,0,0,0
lemonde,1969-12,3564,2,0,0,0,0
lemonde,1970-01,3738,18,0,0,0,0
lemonde,1970-02,3263,8,0,0,0,0
lemonde,1970-03,3198,3,0,0,0,0
lemonde,1970-04,3411,4,1,0,0,0
lemonde,1970-05,3411,5,0,0,0,1
lemonde,1970-06,3474,4,0,0,0,0
lemonde,1970-07,3041,9,0,0,0,0
lemonde,1970-08,2852,5,0,0,0,0
lemonde,1970-09,3253,9,0,0,0,0
lemonde,1970-10,3737,6,0,0,0,0
lemonde,1970-11,3427,3,0,0,0,0
lemonde,1970-12,3822,9,0,0,0,0
lemonde,1971-01,3574,14,0,0,0,0
lemonde,1971-02,3127,4,0,0,0,0
lemonde,1971-03,3658,7,0,0,0,1
lemonde,1971-04,3360,8,0,0,0,0
lemonde,1971-05,3356,3,0,0,0,0
lemonde,1971-06,3491,3,0,0,0,0
lemonde,1971-07,2692,3,0,0,0,0
lemonde,1971-08,2579,4,0,0,0,0
lemonde,1971-09,3022,2,0,0,0,0
lemonde,1971-10,3263,4,0,0,0,0
lemonde,1971-11,3085,3,0,0,0,0
lemonde,1971-12,3264,1,0,0,0,0
lemonde,1972-01,2673,4,0,0,0,0
lemonde,1972-02,2656,4,0,0,0,0
lemonde,1972-03,3258,4,0,0,0,0
lemonde,1972-04,2922,4,0,0,0,0
lemonde,1972-05,3077,8,0,0,0,0
lemonde,1972-06,2867,7,0,0,0,0
lemonde,1972-07,2632,4,0,0,0,0
lemonde,1972-08,2191,10,0,0,0,0
lemonde,1972-09,3005,7,0,0,0,0
lemonde,1972-10,3103,5,0,0,0,0
lemonde,1972-11,3138,7,0,0,0,0
lemonde,1972-12,3159,11,0,0,0,0
lemonde,1973-01,3036,6,0,0,0,0
lemonde,1973-02,2923,7,1,0,0,0
lemonde,1973-03,3353,5,0,0,0,0
lemonde,1973-04,2924,8,1,0,0,0
lemonde,1973-05,3206,3,1,0,0,1
lemonde,1973-06,3055,8,0,0,0,0
lemonde,1973-07,2880,8,0,0,0,0
lemonde,1973-08,2378,5,1,0,0,0
lemonde,1973-09,3047,6,0,0,0,0
lemonde,1973-10,3186,7,0,0,0,0
lemonde,1973-11,3076,10,0,0,0,0
lemonde,1973-12,3170,6,1,0,0,1
lemonde,1974-01,3047,4,1,0,0,0
lemonde,1974-02,2777,5,0,0,0,0
lemonde,1974-03,3099,10,0,0,0,0
lemonde,1974-04,3224,7,1,0,0,0
lemonde,1974-05,3303,6,0,0,0,0
lemonde,1974-06,3126,6,0,0,0,0
lemonde,1974-07,2888,4,1,0,0,0
lemonde,1974-08,2458,11,1,0,0,0
lemonde,1974-09,2726,9,0,0,0,0
lemonde,1974-10,3099,10,0,0,0,0
lemonde,1974-11,2940,5,1,0,0,0
lemonde,1974-12,3233,9,0,0,0,0
lemonde,1975-01,3276,8,1,0,0,0
lemonde,1975-02,2932,10,0,0,0,0
lemonde,1975-03,3131,11,0,0,0,0
lemonde,1975-04,2787,2,0,0,0,0
lemonde,1975-05,2977,5,0,0,0,0
lemonde,1975-06,2894,3,0,0,0,0
lemonde,1975-07,2773,9,0,0,0,0
lemonde,1975-08,2254,6,2,0,0,0
lemonde,1975-09,2690,9,0,0,0,0
lemonde,1975-10,3154,8,1,0,0,0
lemonde,1975-11,3015,6,2,0,0,0
lemonde,1975-12,3212,3,0,0,0,0
lemonde,1976-01,3028,5,2,0,0,0
lemonde,1976-02,2642,10,0,0,0,0
lemonde,1976-03,3267,8,1,0,0,0
lemonde,1976-04,2987,5,0,0,0,0
lemonde,1976-05,3150,5,2,0,0,0
lemonde,1976-06,3189,14,0,0,0,1
lemonde,1976-07,2805,4,1,0,0,0
lemonde,1976-08,2272,12,0,0,0,0
lemonde,1976-09,2868,16,1,0,0,0
lemonde,1976-10,3144,9,0,0,0,0
lemonde,1976-11,3190,11,0,0,0,0
lemonde,1976-12,3078,10,1,0,0,0
lemonde,1977-01,2878,6,0,0,0,0
lemonde,1977-02,3060,20,0,0,0,0
lemonde,1977-03,3469,12,0,0,0,0
lemonde,1977-04,3302,7,1,0,0,0
lemonde,1977-05,3209,11,0,0,0,1
lemonde,1977-06,3443,13,1,0,0,1
lemonde,1977-07,3034,7,0,0,0,0
lemonde,1977-08,2396,8,0,0,0,1
lemonde,1977-09,3033,14,0,0,0,0
lemonde,1977-10,3331,5,0,0,0,0
lemonde,1977-11,3506,19,1,0,0,0
lemonde,1977-12,3343,10,0,0,0,1
lemonde,1978-01,3086,5,1,0,0,0
lemonde,1978-02,2782,5,0,0,0,0
lemonde,1978-03,3287,5,0,0,0,0
lemonde,1978-04,3098,5,0,0,0,0
lemonde,1978-05,3340,15,1,0,0,0
lemonde,1978-06,3295,5,0,0,0,0
lemonde,1978-07,2647,7,0,0,0,0
lemonde,1978-08,2476,8,0,0,0,0
lemonde,1978-09,2918,8,1,0,0,0
lemonde,1978-10,3195,12,0,0,0,1
lemonde,1978-11,3167,10,0,0,0,0
lemonde,1978-12,3053,5,0,0,0,1
lemonde,1979-01,3126,24,1,0,0,2
lemonde,1979-02,2753,14,3,0,0,1
lemonde,1979-03,3452,8,0,0,0,1
lemonde,1979-04,2965,7,1,0,0,3
lemonde,1979-05,3176,12,0,0,0,2
lemonde,1979-06,3318,12,0,0,0,1
lemonde,1979-07,2697,13,0,0,1,1
lemonde,1979-08,2328,6,1,0,0,0
lemonde,1979-09,2922,9,2,0,0,3
lemonde,1979-10,3481,12,0,0,0,1
lemonde,1979-11,3442,14,0,0,0,0
lemonde,1979-12,3381,7,2,0,0,6
lemonde,1980-01,3317,8,1,0,0,1
lemonde,1980-02,3197,12,0,0,0,1
lemonde,1980-03,3503,5,0,0,0,3
lemonde,1980-04,3301,6,0,0,0,4
lemonde,1980-05,3265,6,0,0,0,2
lemonde,1980-06,3180,13,2,0,0,4
lemonde,1980-07,3072,15,0,0,0,4
lemonde,1980-08,2570,10,0,0,0,3
lemonde,1980-09,3019,11,0,0,0,1
lemonde,1980-10,3155,10,1,0,0,0
lemonde,1980-11,2902,11,1,0,0,3
lemonde,1980-12,3424,10,0,0,0,3
lemonde,1981-01,2944,8,0,0,0,1
lemonde,1981-02,2747,6,1,0,0,1
lemonde,1981-03,3036,6,0,0,0,3
lemonde,1981-04,2970,9,1,0,0,8
lemonde,1981-05,3098,7,1,0,0,6
lemonde,1981-06,3084,7,0,0,0,7
lemonde,1981-07,2845,6,1,0,0,5
lemonde,1981-08,2384,11,0,0,0,5
lemonde,1981-09,2891,9,0,0,0,5
lemonde,1981-10,3161,1,2,0,0,12
lemonde,1981-11,2705,11,0,0,0,4
lemonde,1981-12,2986,9,0,0,0,6
lemonde,1982-01,2766,7,0,0,0,2
lemonde,1982-02,2747,11,0,0,0,5
lemonde,1982-03,3101,11,1,0,0,3
lemonde,1982-04,2872,8,0,0,0,2
lemonde,1982-05,2780,9,0,0,0,3
lemonde,1982-06,2875,12,0,0,0,1
lemonde,1982-07,2582,5,0,0,0,1
lemonde,1982-08,2397,7,0,0,0,2
lemonde,1982-09,2676,4,0,0,0,1
lemonde,1982-10,2926,9,1,0,0,2
lemonde,1982-11,2819,8,0,0,0,5
lemonde,1982-12,3111,8,1,0,0,1
lemonde,1983-01,2807,5,0,0,0,3
lemonde,1983-02,2546,4,0,0,0,1
lemonde,1983-03,2931,2,1,0,0,0
lemonde,1983-04,2653,8,0,0,0,0
lemonde,1983-05,2746,6,0,0,0,2
lemonde,1983-06,2534,11,0,0,0,1
lemonde,1983-07,2345,8,1,0,0,3
lemonde,1983-08,2296,13,0,0,0,1
lemonde,1983-09,2497,4,0,0,0,3
lemonde,1983-10,2732,13,0,0,0,1
lemonde,1983-11,2791,10,0,0,0,6
lemonde,1983-12,2826,6,0,0,0,5
lemonde,1984-01,2629,12,0,0,0,2
lemonde,1984-02,2552,11,1,0,0,0
lemonde,1984-03,2863,13,0,0,0,10
lemonde,1984-04,2514,3,1,0,0,2
lemonde,1984-05,2662,9,0,0,0,1
lemonde,1984-06,2757,6,0,0,0,1
lemonde,1984-07,2425,7,0,0,0,3
lemonde,1984-08,2303,2,0,0,0,1
lemonde,1984-09,2539,10,1,0,0,2
lemonde,1984-10,2974,11,0,0,0,2
lemonde,1984-11,2715,6,0,0,0,2
lemonde,1984-12,2638,9,1,0,0,0
lemonde,1985-01,2541,13,0,0,0,0
lemonde,1985-02,2494,13,1,0,0,0
lemonde,1985-03,2738,10,0,0,0,0
lemonde,1985-04,2750,10,0,0,0,5
lemonde,1985-05,2767,5,0,0,0,3
lemonde,1985-06,2706,7,0,0,0,3
lemonde,1985-07,2530,6,0,0,0,1
lemonde,1985-08,2435,12,0,0,0,0
lemonde,1985-09,2277,5,0,0,0,0
lemonde,1985-10,2732,10,0,0,0,1
lemonde,1985-11,2629,4,1,0,0,3
lemonde,1985-12,2619,8,0,0,0,0
lemonde,1986-01,2716,9,0,0,0,0
lemonde,1986-02,2283,15,0,0,0,0
lemonde,1986-03,2633,8,0,0,0,0
lemonde,1986-04,2568,3,0,0,0,0
lemonde,1986-05,2728,5,0,0,0,1
lemonde,1986-06,2694,2,0,0,0,1
lemonde,1986-07,2636,14,0,0,0,2
lemonde,1986-08,2166,3,1,0,0,0
lemonde,1986-09,2471,2,0,0,0,0
lemonde,1986-10,2749,4,4,0,0,0
lemonde,1986-11,2232,4,0,0,0,0
lemonde,1986-12,2678,4,2,0,0,1
lemonde,1987-01,3474,9,0,0,0,1
lemonde,1987-02,3206,7,1,0,0,0
lemonde,1987-03,3649,10,2,0,0,0
lemonde,1987-04,3397,8,1,0,0,0
lemonde,1987-05,3556,8,1,0,0,0
lemonde,1987-06,2943,4,0,0,0,0
lemonde,1987-07,2990,7,1,0,0,0
lemonde,1987-08,2734,9,1,0,0,0
lemonde,1987-09,3092,13,2,0,0,2
lemonde,1987-10,3485,15,3,0,0,0
lemonde,1987-11,3402,6,1,0,0,0
lemonde,1987-12,3512,9,2,0,0,0
lemonde,1988-01,3374,4,5,0,0,0
lemonde,1988-02,3052,5,1,0,0,0
lemonde,1988-03,3589,9,1,0,0,1
lemonde,1988-04,3480,3,5,0,0,0
lemonde,1988-05,3629,8,1,0,0,0
lemonde,1988-06,3668,9,2,0,0,0
lemonde,1988-07,3076,7,3,0,0,0
lemonde,1988-08,2523,8,2,0,0,0
lemonde,1988-09,3334,4,2,0,0,0
lemonde,1988-10,3526,9,3,0,0,1
lemonde,1988-11,3245,7,1,0,0,0
lemonde,1988-12,3388,11,5,0,0,1
lemonde,1989-01,3161,5,5,0,0,0
lemonde,1989-02,2993,14,9,0,0,0
lemonde,1989-03,3609,8,18,0,0,0
lemonde,1989-04,3351,6,12,0,0,1
lemonde,1989-05,3252,9,9,0,0,0
lemonde,1989-06,3488,16,12,0,0,3
lemonde,1989-07,3191,13,8,0,0,2
lemonde,1989-08,2648,8,1,0,0,0
lemonde,1989-09,3295,7,5,0,0,2
lemonde,1989-10,3533,7,3,0,0,0
lemonde,1989-11,3538,7,7,0,0,0
lemonde,1989-12,3554,8,11,0,0,1
lemonde,1990-01,3338,5,5,0,0,1
lemonde,1990-02,3144,11,6,0,0,1
lemonde,1990-03,3581,7,8,0,0,1
lemonde,1990-04,3072,12,5,0,0,1
lemonde,1990-05,2982,6,4,1,0,2
lemonde,1990-06,3197,4,5,0,0,0
lemonde,1990-07,2841,5,9,0,0,0
lemonde,1990-08,2565,6,2,0,0,1
lemonde,1990-09,3208,9,8,0,0,3
lemonde,1990-10,3536,7,12,0,0,3
lemonde,1990-11,3457,15,16,0,0,2
lemonde,1990-12,3230,15,6,0,0,1
lemonde,1991-01,3512,5,8,0,0,1
lemonde,1991-02,3173,3,1,0,0,2
lemonde,1991-03,3363,4,3,0,0,1
lemonde,1991-04,3196,11,4,0,0,0
lemonde,1991-05,3394,9,6,0,0,1
lemonde,1991-06,3260,4,3,0,0,2
lemonde,1991-07,2938,10,5,0,0,1
lemonde,1991-08,2607,5,5,0,0,0
lemonde,1991-09,3173,5,3,1,0,3
lemonde,1991-10,3557,2,6,0,0,2
lemonde,1991-11,3323,5,4,0,0,0
lemonde,1991-12,3250,10,5,1,0,2
lemonde,1992-01,3259,5,3,0,0,0
lemonde,1992-02,3293,9,7,0,0,2
lemonde,1992-03,3663,11,12,0,0,5
lemonde,1992-04,3418,7,6,0,0,6
lemonde,1992-05,3355,7,10,0,0,4
lemonde,1992-06,3345,26,35,21,1,16
lemonde,1992-07,3186,13,8,1,0,2
lemonde,1992-08,2561,5,3,1,0,3
lemonde,1992-09,3509,10,8,0,0,2
lemonde,1992-10,3526,3,5,1,0,2
lemonde,1992-11,3387,8,2,1,0,1
lemonde,1992-12,3483,11,4,2,0,2
lemonde,1993-01,3653,5,6,2,0,2
lemonde,1993-02,3281,11,3,0,0,3
lemonde,1993-03,3978,4,4,0,0,0
lemonde,1993-04,3381,5,4,1,0,5
lemonde,1993-05,3544,9,4,3,0,5
lemonde,1993-06,3466,8,3,8,0,2
lemonde,1993-07,3282,5,3,1,0,4
lemonde,1993-08,2528,3,1,1,0,1
lemonde,1993-09,3400,10,2,0,0,0
lemonde,1993-10,3830,9,1,0,0,2
lemonde,1993-11,3769,14,9,4,0,11
lemonde,1993-12,3824,14,6,4,0,4
lemonde,1994-01,3701,8,1,0,0,5
lemonde,1994-02,3658,16,2,2,0,9
lemonde,1994-03,4179,6,1,1,0,5
lemonde,1994-04,3796,8,3,1,0,5
lemonde,1994-05,3789,2,5,0,0,5
lemonde,1994-06,3801,9,5,2,0,6
lemonde,1994-07,3478,6,4,0,0,2
lemonde,1994-08,2641,2,0,0,0,1
lemonde,1994-09,3640,11,4,1,0,9
lemonde,1994-10,3865,9,2,0,0,3
lemonde,1994-11,3703,7,5,0,0,2
lemonde,1994-12,3581,7,1,0,0,3
lemonde,1995-01,3278,8,4,2,0,4
lemonde,1995-02,2860,13,4,3,0,1
lemonde,1995-03,3192,13,9,1,0,5
lemonde,1995-04,2931,11,8,2,0,2
lemonde,1995-05,3182,8,2,0,0,2
lemonde,1995-06,3288,12,1,1,0,3
lemonde,1995-07,2393,7,5,0,0,3
lemonde,1995-08,2114,7,1,2,0,1
lemonde,1995-09,3110,10,8,0,0,2
lemonde,1995-10,3198,15,6,3,0,2
lemonde,1995-11,2988,10,1,5,0,2
lemonde,1995-12,3000,16,7,5,0,4
lemonde,1996-01,3019,16,2,2,0,2
lemonde,1996-02,3286,12,2,1,0,3
lemonde,1996-03,3604,9,2,1,0,4
lemonde,1996-04,3168,14,7,1,0,4
lemonde,1996-05,3305,13,3,0,0,3
lemonde,1996-06,3523,13,3,1,0,7
lemonde,1996-07,3044,11,3,1,0,3
lemonde,1996-08,2378,8,6,1,0,0
lemonde,1996-09,3226,12,1,0,0,6
lemonde,1996-10,4151,7,4,2,0,4
lemonde,1996-11,4332,3,3,2,0,12
lemonde,1996-12,4093,21,2,3,0,8
lemonde,1997-01,4562,20,7,1,0,6
lemonde,1997-02,4484,12,3,1,0,6
lemonde,1997-03,4741,9,1,1,0,3
lemonde,1997-04,4208,12,6,2,0,5
lemonde,1997-05,4718,11,9,1,0,5
lemonde,1997-06,4732,18,16,4,0,20
lemonde,1997-07,4147,11,6,3,0,8
lemonde,1997-08,3363,18,7,1,0,2
lemonde,1997-09,4447,12,5,3,0,2
lemonde,1997-10,5102,25,15,1,0,9
lemonde,1997-11,4821,32,33,2,1,13
lemonde,1997-12,4483,32,38,3,0,11
lemonde,1998-01,4709,13,7,2,0,12
lemonde,1998-02,4429,16,2,1,0,8
lemonde,1998-03,5085,24,4,1,0,7
lemonde,1998-04,4987,21,2,6,0,11
lemonde,1998-05,5230,25,5,1,0,12
lemonde,1998-06,5139,11,8,3,0,5
lemonde,1998-07,4735,14,3,1,0,8
lemonde,1998-08,3153,5,7,4,0,8
lemonde,1998-09,5036,21,6,3,0,16
lemonde,1998-10,5186,17,11,7,0,6
lemonde,1998-11,4783,34,24,3,0,9
lemonde,1998-12,4877,13,6,3,0,5
lemonde,1999-01,5011,13,9,1,0,13
lemonde,1999-02,4802,17,6,6,0,14
lemonde,1999-03,4935,9,4,10,1,10
lemonde,1999-04,5297,14,6,8,0,12
lemonde,1999-05,5157,6,2,0,0,7
lemonde,1999-06,5362,13,7,8,0,9
lemonde,1999-07,4228,10,3,1,0,16
lemonde,1999-08,3419,13,6,0,0,5
lemonde,1999-09,4800,9,9,4,0,7
lemonde,1999-10,5299,6,7,9,0,17
lemonde,1999-11,4818,34,7,12,0,8
lemonde,1999-12,5067,23,8,3,0,14
lemonde,2000-01,5576,60,50,13,0,18
lemonde,2000-02,5517,15,4,3,0,10
lemonde,2000-03,6250,13,9,10,0,12
lemonde,2000-04,5448,20,11,6,0,24
lemonde,2000-05,6387,17,8,4,0,18
lemonde,2000-06,5964,17,11,3,0,17
lemonde,2000-07,4836,9,6,5,0,6
lemonde,2000-08,4237,23,13,8,0,10
lemonde,2000-09,6910,39,37,2,0,29
lemonde,2000-10,6117,25,11,4,0,10
lemonde,2000-11,6039,89,97,2,0,37
lemonde,2000-12,5826,26,29,6,0,10
lemonde,2001-01,7598,43,18,9,0,33
lemonde,2001-02,9095,58,30,10,0,27
lemonde,2001-03,11116,59,33,15,0,35
lemonde,2001-04,9157,74,56,10,0,25
lemonde,2001-05,9631,58,39,22,0,55
lemonde,2001-06,9059,90,78,8,0,64
lemonde,2001-07,7474,66,57,3,0,31
lemonde,2001-08,6641,30,12,4,0,14
lemonde,2001-09,9340,34,40,8,0,27
lemonde,2001-10,9576,32,23,4,2,27
lemonde,2001-11,7721,46,25,4,0,39
lemonde,2001-12,6890,35,16,4,0,45
lemonde,2002-01,7313,38,20,20,0,55
lemonde,2002-02,7160,35,44,8,0,63
lemonde,2002-03,7992,38,24,12,0,67
lemonde,2002-04,8254,32,15,25,0,35
lemonde,2002-05,7978,43,30,14,0,67
lemonde,2002-06,8781,56,32,22,0,68
lemonde,2002-07,5722,26,9,6,0,49
lemonde,2002-08,4232,57,18,16,1,68
lemonde,2002-09,6899,51,29,41,0,114
lemonde,2002-10,7336,19,14,14,0,45
lemonde,2002-11,7029,39,28,17,0,58
lemonde,2002-12,4429,17,8,6,0,28
lemonde,2003-01,4327,22,10,8,0,30
lemonde,2003-02,4381,27,10,1,0,25
lemonde,2003-03,4716,17,3,3,0,19
lemonde,2003-04,4429,17,5,4,0,19
lemonde,2003-05,4473,15,9,2,0,27
lemonde,2003-06,4589,15,10,7,0,57
lemonde,2003-07,4289,27,14,4,0,23
lemonde,2003-08,3367,86,48,6,2,46
lemonde,2003-09,4677,50,33,8,0,37
lemonde,2003-10,5094,26,14,8,0,38
lemonde,2003-11,4805,32,23,7,0,48
lemonde,2003-12,4604,28,17,6,0,26
lemonde,2004-01,4603,25,13,6,0,27
lemonde,2004-02,4718,23,9,6,0,37
lemonde,2004-03,5340,20,15,4,0,35
lemonde,2004-04,4567,27,12,5,0,38
lemonde,2004-05,3876,24,21,4,0,47
lemonde,2004-06,4205,49,38,8,0,73
lemonde,2004-07,3239,16,12,2,0,10
lemonde,2004-08,3238,16,8,2,0,11
lemonde,2004-09,4092,23,20,7,0,30
lemonde,2004-10,4106,27,16,5,0,22
lemonde,2004-11,4011,32,21,15,0,44
lemonde,2004-12,3537,38,23,6,0,24
lemonde,2005-01,3876,40,14,19,0,28
lemonde,2005-02,3787,33,24,6,0,31
lemonde,2005-03,5139,40,17,16,0,44
lemonde,2005-04,4170,20,8,6,0,39
lemonde,2005-05,4624,37,16,29,0,60
lemonde,2005-06,4511,43,24,8,0,33
lemonde,2005-07,3287,43,23,5,0,20
lemonde,2005-08,3010,29,10,1,0,24
lemonde,2005-09,4411,39,28,3,0,38
lemonde,2005-10,4273,24,16,6,0,25
lemonde,2005-11,4469,39,32,9,0,36
lemonde,2005-12,4513,37,22,7,0,28
lemonde,2006-01,4480,39,20,4,0,18
lemonde,2006-02,4087,26,8,3,0,19
lemonde,2006-03,4394,24,11,10,0,20
lemonde,2006-04,4153,20,16,10,2,26
lemonde,2006-05,4453,28,23,13,0,58
lemonde,2006-06,4717,32,23,9,0,21
lemonde,2006-07,3365,37,12,7,1,21
lemonde,2006-08,3227,28,12,8,0,16
lemonde,2006-09,4103,41,19,1,0,26
lemonde,2006-10,4348,61,41,6,1,41
lemonde,2006-11,4341,55,38,16,0,46
lemonde,2006-12,4109,49,21,9,1,35
lemonde,2007-01,4473,86,42,13,0,53
lemonde,2007-02,4177,74,32,12,0,50
lemonde,2007-03,5063,81,42,11,0,76
lemonde,2007-04,5092,75,39,16,0,57
lemonde,2007-05,4990,98,51,20,0,73
lemonde,2007-06,5183,96,56,11,0,75
lemonde,2007-07,4138,47,17,8,0,38
lemonde,2007-08,3630,60,24,10,0,25
lemonde,2007-09,4639,86,42,27,0,48
lemonde,2007-10,4862,95,48,35,2,62
lemonde,2007-11,4586,74,34,12,0,64
lemonde,2007-12,4251,92,47,8,0,51
lemonde,2008-01,4475,74,38,12,0,57
lemonde,2008-02,4455,48,19,15,0,43
lemonde,2008-03,4582,73,21,12,0,56
lemonde,2008-04,4097,79,26,17,0,71
lemonde,2008-05,4453,65,27,14,2,55
lemonde,2008-06,4506,110,33,32,0,62
lemonde,2008-07,3783,70,42,9,1,40
lemonde,2008-08,3755,47,14,14,0,32
lemonde,2008-09,4249,56,27,5,0,68
lemonde,2008-10,4361,88,37,17,1,73
lemonde,2008-11,4270,76,27,20,2,63
lemonde,2008-12,4178,99,63,17,0,58
lemonde,2009-01,4358,98,34,16,0,53
lemonde,2009-02,4614,70,26,24,0,47
lemonde,2009-03,4796,72,28,19,0,56
lemonde,2009-04,4605,75,30,14,0,68
lemonde,2009-05,4497,65,25,24,0,52
lemonde,2009-06,4967,92,32,24,0,98
lemonde,2009-07,4261,95,37,12,0,52
lemonde,2009-08,3635,69,25,15,0,52
lemonde,2009-09,4868,143,58,12,2,61
lemonde,2009-10,5241,123,44,24,1,65
lemonde,2009-11,4945,181,98,12,2,83
lemonde,2009-12,4659,236,136,24,1,96
lemonde,2010-01,4645,93,40,22,4,54
lemonde,2010-02,4701,80,37,26,1,62
lemonde,2010-03,5411,107,33,29,3,75
lemonde,2010-04,5444,94,27,26,1,56
lemonde,2010-05,5167,73,29,32,0,61
lemonde,2010-06,5713,51,29,22,0,47
lemonde,2010-07,5097,61,18,27,0,53
lemonde,2010-08,4355,94,50,21,2,47
lemonde,2010-09,5491,70,15,30,2,64
lemonde,2010-10,5644,66,36,50,0,50
lemonde,2010-11,5426,123,54,19,4,80
lemonde,2010-12,5306,115,39,20,1,62
lemonde,2011-01,5338,83,20,12,2,49
lemonde,2011-02,5113,63,22,20,0,53
lemonde,2011-03,6067,61,30,14,2,85
lemonde,2011-04,5259,63,33,15,6,99
lemonde,2011-05,5467,58,23,20,7,84
lemonde,2011-06,5130,72,28,28,6,82
lemonde,2011-07,4521,67,23,19,4,62
lemonde,2011-08,4397,67,14,19,5,38
lemonde,2011-09,5859,57,24,14,3,77
lemonde,2011-10,6410,67,32,24,13,74
lemonde,2011-11,6214,115,45,32,26,110
lemonde,2011-12,6388,85,43,13,5,52
lemonde,2012-01,6313,79,34,26,18,91
lemonde,2012-02,6161,78,29,23,10,77
lemonde,2012-03,6855,101,27,19,6,81
lemonde,2012-04,6908,61,28,29,18,75
lemonde,2012-05,7326,69,24,40,21,94
lemonde,2012-06,6232,66,23,46,24,126
lemonde,2012-07,4054,51,9,22,20,42
lemonde,2012-08,3603,64,17,21,10,37
lemonde,2012-09,4531,64,26,24,40,75
lemonde,2012-10,4909,70,30,36,25,78
lemonde,2012-11,4654,84,32,26,33,72
lemonde,2012-12,4000,63,37,18,22,57
lemonde,2013-01,4381,52,21,20,31,58
lemonde,2013-02,4151,52,22,25,15,40
lemonde,2013-03,4405,50,16,13,18,42
lemonde,2013-04,4590,45,24,16,19,54
lemonde,2013-05,4559,76,26,15,32,55
lemonde,2013-06,4452,52,20,14,21,52
lemonde,2013-07,4030,52,20,20,61,63
lemonde,2013-08,3428,53,19,16,21,27
lemonde,2013-09,4254,69,34,19,49,73
lemonde,2013-10,4665,65,28,18,26,66
lemonde,2013-11,4375,59,36,14,22,60
lemonde,2013-12,3733,47,10,17,26,53
lemonde,2014-01,4058,51,16,13,24,47
lemonde,2014-02,3857,52,16,13,25,44
lemonde,2014-03,4179,58,20,18,39,43
lemonde,2014-04,3851,53,12,17,54,62
lemonde,2014-05,4290,68,16,18,30,53
lemonde,2014-06,4254,64,21,15,46,68
lemonde,2014-07,3506,35,18,10,14,32
lemonde,2014-08,2995,23,10,10,14,18
lemonde,2014-09,4279,68,34,15,29,48
lemonde,2014-10,4232,58,23,16,67,69
lemonde,2014-11,3671,80,33,19,37,48
lemonde,2014-12,3490,69,32,17,26,54
lemonde,2015-01,4085,50,23,16,32,39
lemonde,2015-02,3778,68,28,13,23,47
lemonde,2015-03,4284,75,25,27,32,56
lemonde,2015-04,2897,44,15,10,17,36
lemonde,2015-05,1976,53,17,15,15,23
lemonde,2015-06,4332,140,60,34,27,83
lemonde,2015-07,3642,74,30,16,37,51
lemonde,2015-08,2751,74,35,18,27,43
lemonde,2015-09,4200,106,45,13,39,86
lemonde,2015-10,4090,174,67,23,41,75
lemonde,2015-11,3834,234,103,17,52,101
lemonde,2015-12,3724,228,100,10,41,109
lemonde,2016-01,3756,56,14,25,21,56
lemonde,2016-02,3900,56,24,37,31,51
lemonde,2016-03,4414,56,17,38,36,51
lemonde,2016-04,3960,68,22,24,37,58
lemonde,2016-05,4309,93,32,30,28,68
lemonde,2016-06,4456,63,19,30,31,58
lemonde,2016-07,3205,49,20,17,18,32
lemonde,2016-08,3165,64,20,13,12,22
lemonde,2016-09,3873,106,32,27,28,55
lemonde,2016-10,3908,86,37,18,25,70
lemonde,2016-11,4112,152,55,24,38,80
lemonde,2016-12,3564,89,23,23,28,53
lemonde,2017-01,3981,96,22,18,62,75
lemonde,2017-02,3659,64,14,18,31,39
lemonde,2017-03,4250,115,28,34,40,72
lemonde,2017-04,3917,81,22,18,39,66
lemonde,2017-05,4035,112,28,25,66,60
lemonde,2017-06,4202,131,56,29,62,72
lemonde,2017-07,3240,85,25,22,72,40
lemonde,2017-08,2806,71,17,21,28,30
lemonde,2017-09,3741,116,20,22,51,51
lemonde,2017-10,3619,71,24,29,66,58
lemonde,2017-11,3695,133,45,27,93,87
lemonde,2017-12,3350,135,41,27,68,65
lemonde,2018-01,3560,77,17,20,69,53
lemonde,2018-02,3472,86,13,16,49,55
lemonde,2018-03,3916,87,19,32,56,59
lemonde,2018-04,3396,73,17,30,47,50
lemonde,2018-05,3574,83,33,29,56,69
lemonde,2018-06,3790,94,13,29,65,51
lemonde,2018-07,3219,80,25,33,41,30
lemonde,2018-08,2596,93,33,37,62,36
lemonde,2018-09,3357,122,31,47,105,66
lemonde,2018-10,3604,135,48,35,98,59
lemonde,2018-11,3322,183,55,39,177,92
lemonde,2018-12,3013,206,68,39,129,62
lemonde,2019-01,3290,133,40,31,98,65
lemonde,2019-02,2998,136,44,35,93,54
lemonde,2019-03,3380,190,43,40,107,61
lemonde,2019-04,3029,132,34,35,98,57
lemonde,2019-05,3246,169,40,82,87,63
lemonde,2019-06,3118,176,40,36,80,57
lemonde,2019-07,2734,164,33,47,95,36
lemonde,2019-08,2293,153,30,56,43,31
lemonde,2019-09,2985,199,61,39,79,61
lemonde,2019-10,3299,177,43,39,111,58
lemonde,2019-11,3009,182,52,48,87,49
lemonde,2019-12,2744,177,48,38,88,53
lemonde,2020-01,2958,200,42,50,83,51
lemonde,2020-02,2802,149,32,39,82,49
lemonde,2020-03,3055,125,28,20,58,24
lemonde,2020-04,2573,108,27,39,46,40
lemonde,2020-05,2468,129,25,41,81,39
lemonde,2020-06,2886,171,56,46,100,57
lemonde,2020-07,2574,115,39,49,98,40
lemonde,2020-08,2166,90,16,47,50,31
lemonde,2020-09,3128,184,43,60,122,65
lemonde,2020-10,3159,156,39,52,79,58
lemonde,2020-11,2976,118,28,29,67,47
lemonde,2020-12,2714,141,52,46,78,53
lemonde,2021-01,2824,125,28,48,62,44
lemonde,2021-02,2673,128,33,37,86,54
lemonde,2021-03,3054,154,42,38,83,54
lemonde,2021-04,2877,136,54,41,74,39
lemonde,2021-05,2863,124,33,39,67,37
lemonde,2021-06,3158,157,44,52,98,58
lemonde,2021-07,2698,172,42,46,69,31
lemonde,2021-08,2129,157,41,43,34,28
lemonde,2021-09,2964,241,49,78,104,74
lemonde,2021-10,3011,250,85,60,133,82
lemonde,2021-11,2896,249,95,55,107,100
lemonde,2021-12,2837,179,29,37,70,51
lemonde,2022-01,3067,171,41,39,74,53
lemonde,2022-02,2870,166,46,57,87,66
lemonde,2022-03,3192,192,24,50,115,71
lemonde,2022-04,2853,213,53,42,78,84
lemonde,2022-05,2852,190,45,52,121,70
lemonde,2022-06,3012,226,60,50,148,66
lemonde,2022-07,2701,234,53,72,134,67
lemonde,2022-08,2129,229,49,57,88,55
lemonde,2022-09,3027,273,61,70,146,89
lemonde,2022-10,3011,300,67,72,173,84
lemonde,2022-11,3082,330,98,79,142,110
lemonde,2022-12,2786,221,43,88,100,65
lemonde,2023-01,5716,387,105,119,249,145
lemonde,2023-02,5326,354,94,90,158,120
lemonde,2023-03,6181,435,103,130,246,135
lemonde,2023-04,5632,406,102,112,238,139
lemonde,2023-05,6046,498,128,114,236,132
lemonde,2023-06,6267,602,147,150,266,128
lemonde,2023-07,3432,290,57,71,141,66
lemonde,2023-08,2346,208,36,51,58,43
lemonde,2023-09,3207,304,66,74,146,89
lemonde,2023-10,927,87,27,18,47,21
leparisien,2000-10,878,2,2,0,0,1
leparisien,2000-11,7349,13,11,3,0,4
leparisien,2000-12,6546,13,8,0,0,5
leparisien,2001-01,7394,25,3,1,0,5
leparisien,2001-02,7126,15,2,2,0,2
leparisien,2001-03,6686,17,5,0,0,2
leparisien,2001-04,5179,11,2,1,0,5
leparisien,2001-05,6203,21,1,1,0,5
leparisien,2001-06,5945,12,4,1,0,2
leparisien,2001-07,6048,14,6,2,0,2
leparisien,2001-08,5335,8,3,1,0,4
leparisien,2001-09,6720,6,3,3,0,4
leparisien,2001-10,7768,14,3,1,0,12
leparisien,2001-11,7417,14,1,0,0,4
leparisien,2001-12,6992,24,3,0,0,3
leparisien,2002-01,7161,23,0,0,0,4
leparisien,2002-02,6682,16,1,4,0,6
leparisien,2002-03,7488,17,5,0,0,8
leparisien,2002-04,6690,12,3,1,0,5
leparisien,2002-05,7456,17,2,1,0,13
leparisien,2002-06,7156,14,2,1,0,16
leparisien,2002-07,6306,18,2,2,0,10
leparisien,2002-08,5125,22,4,8,0,22
leparisien,2002-09,7041,10,4,4,0,29
leparisien,2002-10,7493,13,1,1,0,21
leparisien,2002-11,6639,9,2,1,0,21
leparisien,2002-12,6321,15,1,2,0,14
leparisien,2003-01,6872,55,0,0,0,16
leparisien,2003-02,6717,19,1,1,0,9
leparisien,2003-03,7625,18,1,1,0,14
leparisien,2003-04,6787,11,2,0,0,7
leparisien,2003-05,6830,13,1,2,0,28
leparisien,2003-06,6258,15,2,0,0,31
leparisien,2003-07,5775,12,4,2,0,11
leparisien,2003-08,5350,30,9,2,0,10
leparisien,2003-09,6172,14,4,1,0,20
leparisien,2003-10,7095,19,4,3,0,10
leparisien,2003-11,6767,10,2,0,0,5
leparisien,2003-12,6570,14,3,1,0,20
leparisien,2004-01,6495,18,4,1,0,10
leparisien,2004-02,6743,14,3,4,0,10
leparisien,2004-03,7184,8,5,3,0,10
leparisien,2004-04,6501,15,2,1,0,19
leparisien,2004-05,6712,16,7,1,0,13
leparisien,2004-06,6205,17,7,3,0,28
leparisien,2004-07,5420,21,6,3,0,12
leparisien,2004-08,5296,20,2,4,0,11
leparisien,2004-09,6111,8,6,0,0,26
leparisien,2004-10,6633,11,5,1,0,13
leparisien,2004-11,6932,6,4,7,0,19
leparisien,2004-12,6505,13,0,1,0,19
leparisien,2005-01,6854,17,2,5,0,10
leparisien,2005-02,6270,17,8,6,0,11
leparisien,2005-03,6852,29,2,6,0,21
leparisien,2005-04,6958,8,2,2,0,21
leparisien,2005-05,6810,9,5,8,0,31
leparisien,2005-06,6225,17,10,6,0,41
leparisien,2005-07,5780,12,8,3,0,28
leparisien,2005-08,5117,10,4,3,0,14
leparisien,2005-09,6833,13,12,3,0,42
leparisien,2005-10,6787,13,8,11,0,42
leparisien,2005-11,6819,21,10,1,0,29
leparisien,2005-12,6488,21,7,4,0,28
leparisien,2006-01,6855,30,5,3,0,29
leparisien,2006-02,6235,23,2,10,0,25
leparisien,2006-03,6682,19,7,4,0,34
leparisien,2006-04,5985,17,6,12,0,26
leparisien,2006-05,6942,21,7,10,0,63
leparisien,2006-06,6376,6,8,5,0,57
leparisien,2006-07,5245,21,9,2,0,10
leparisien,2006-08,4783,22,7,1,0,14
leparisien,2006-09,6351,17,11,3,0,36
leparisien,2006-10,6709,28,20,9,0,47
leparisien,2006-11,6625,26,12,7,0,72
leparisien,2006-12,5851,32,4,7,0,47
leparisien,2007-01,7208,53,22,10,0,75
leparisien,2007-02,6564,29,13,7,0,50
leparisien,2007-03,7247,29,18,6,0,60
leparisien,2007-04,6570,19,8,6,0,64
leparisien,2007-05,7033,37,20,10,0,74
leparisien,2007-06,6360,26,13,18,0,83
leparisien,2007-07,5806,27,11,13,0,49
leparisien,2007-08,1968,7,0,6,0,9
leparisien,2007-09,6899,29,14,9,0,66
leparisien,2007-10,8327,20,2,7,0,19
leparisien,2007-11,8308,5,3,3,0,13
leparisien,2007-12,8099,11,1,1,0,9
leparisien,2008-01,8642,13,2,7,0,9
leparisien,2008-02,8044,1,1,7,0,8
leparisien,2008-03,8531,9,0,1,0,10
leparisien,2008-04,8140,2,1,1,0,19
leparisien,2008-05,8397,1,0,5,0,9
leparisien,2008-06,8210,2,2,7,0,18
leparisien,2008-07,7420,10,4,5,0,45
leparisien,2008-08,7014,24,15,10,0,33
leparisien,2008-09,8398,34,10,13,0,77
leparisien,2008-10,8639,26,15,9,0,102
leparisien,2008-11,8288,33,11,11,0,95
leparisien,2008-12,8187,49,9,14,0,77
leparisien,2009-01,8239,60,8,5,0,72
leparisien,2009-02,7667,28,12,12,0,78
leparisien,2009-03,8358,24,6,13,0,105
leparisien,2009-04,8233,16,7,20,0,107
leparisien,2009-05,8071,12,5,17,0,60
leparisien,2009-06,7820,23,3,27,0,95
leparisien,2009-07,7046,32,14,11,0,54
leparisien,2009-08,6132,19,5,9,0,34
leparisien,2009-09,8270,36,26,14,0,69
leparisien,2009-10,8462,40,11,20,0,76
leparisien,2009-11,7949,55,15,10,0,71
leparisien,2009-12,7783,81,42,8,0,92
leparisien,2010-01,8313,61,16,15,1,84
leparisien,2010-02,7821,36,8,24,0,80
leparisien,2010-03,8637,37,11,12,0,72
leparisien,2010-04,7961,24,11,23,0,104
leparisien,2010-05,8148,16,5,38,0,92
leparisien,2010-06,8050,17,4,34,0,85
leparisien,2010-07,6981,16,3,28,0,43
leparisien,2010-08,6179,35,3,11,0,20
leparisien,2010-09,7956,20,2,23,1,70
leparisien,2010-10,7923,18,11,43,0,60
leparisien,2010-11,8315,28,9,20,0,75
leparisien,2010-12,7883,65,9,9,0,49
leparisien,2011-01,8514,28,4,15,0,60
leparisien,2011-02,7851,19,4,12,0,49
leparisien,2011-03,8557,31,9,4,1,75
leparisien,2011-04,7877,18,10,20,7,101
leparisien,2011-05,6854,12,5,17,1,66
leparisien,2011-06,6592,16,1,17,2,43
leparisien,2011-07,6495,19,5,6,0,36
leparisien,2011-08,6793,19,0,13,2,32
leparisien,2011-09,8563,20,12,10,1,77
leparisien,2011-10,8297,16,6,5,7,55
leparisien,2011-11,8415,26,16,16,11,96
leparisien,2011-12,8610,34,17,15,4,65
leparisien,2012-01,8788,31,4,16,7,62
leparisien,2012-02,8190,55,1,17,8,49
leparisien,2012-03,8874,34,9,13,4,85
leparisien,2012-04,8490,29,6,13,11,81
leparisien,2012-05,8685,14,6,14,4,53
leparisien,2012-06,8620,23,6,21,1,69
leparisien,2012-07,7564,28,3,14,0,38
leparisien,2012-08,7545,27,7,15,9,35
leparisien,2012-09,8442,14,6,23,12,58
leparisien,2012-10,8823,35,9,25,12,54
leparisien,2012-11,8606,39,9,22,11,43
leparisien,2012-12,8483,41,13,15,8,49
leparisien,2013-01,8724,38,15,12,6,42
leparisien,2013-02,8013,41,11,19,4,40
leparisien,2013-03,8568,49,7,8,14,58
leparisien,2013-04,8208,19,11,26,4,63
leparisien,2013-05,7902,31,3,15,13,55
leparisien,2013-06,8394,23,3,17,14,74
leparisien,2013-07,8411,15,15,23,58,55
leparisien,2013-08,7951,17,3,22,8,25
leparisien,2013-09,8448,32,7,15,43,51
leparisien,2013-10,8997,17,5,8,12,47
leparisien,2013-11,8718,36,9,11,10,46
leparisien,2013-12,8572,12,3,10,14,42
leparisien,2014-01,3619,6,0,3,14,15
leparisien,2014-02,3708,11,3,13,13,19
leparisien,2014-03,5510,20,2,10,17,41
leparisien,2014-04,5633,24,8,24,18,50
leparisien,2014-05,6906,21,1,22,19,42
leparisien,2014-06,7608,22,13,18,12,55
leparisien,2014-07,7357,29,4,12,15,31
leparisien,2014-08,6945,18,1,17,15,31
leparisien,2014-09,6615,26,11,13,23,34
leparisien,2014-10,7112,29,12,12,36,41
leparisien,2014-11,6697,29,15,14,20,38
leparisien,2014-12,7389,30,5,14,11,31
leparisien,2015-01,8794,41,7,4,22,35
leparisien,2015-02,6206,26,6,10,17,36
leparisien,2015-03,7618,41,9,4,19,37
leparisien,2015-04,7064,22,6,14,11,61
leparisien,2015-05,8600,53,23,35,17,75
leparisien,2015-06,7676,79,26,37,22,83
leparisien,2015-07,7639,82,19,26,14,52
leparisien,2015-08,8447,60,18,28,15,40
leparisien,2015-09,7598,90,24,30,19,61
leparisien,2015-10,7296,93,20,39,17,62
leparisien,2015-11,7686,197,62,34,28,84
leparisien,2015-12,7945,181,49,28,29,88
leparisien,2016-01,7787,27,5,19,4,32
leparisien,2016-02,7207,28,1,24,10,21
leparisien,2016-03,6767,15,4,14,9,36
leparisien,2016-04,6101,16,6,18,5,29
leparisien,2016-05,7036,30,3,26,7,60
leparisien,2016-06,8499,32,2,20,6,64
leparisien,2016-07,8280,33,2,21,8,30
leparisien,2016-08,7458,29,9,23,3,17
leparisien,2016-09,7498,32,9,31,10,45
leparisien,2016-10,6899,29,4,19,17,39
leparisien,2016-11,8299,43,11,29,15,63
leparisien,2016-12,8081,34,5,16,16,41
leparisien,2017-01,6364,47,2,18,19,45
leparisien,2017-02,7005,31,6,21,20,51
leparisien,2017-03,7502,26,8,26,15,57
leparisien,2017-04,6784,35,7,26,23,43
leparisien,2017-05,7555,40,10,32,40,55
leparisien,2017-06,7376,50,17,34,53,67
leparisien,2017-07,6262,63,4,24,56,39
leparisien,2017-08,5479,30,8,19,27,19
leparisien,2017-09,6630,57,5,21,49,55
leparisien,2017-10,7547,42,11,21,57,49
leparisien,2017-11,7558,48,8,21,43,62
leparisien,2017-12,6462,64,8,15,45,34
leparisien,2018-01,7162,51,10,16,33,47
leparisien,2018-02,6377,68,7,18,50,28
leparisien,2018-03,6993,45,7,33,46,36
leparisien,2018-04,6486,43,6,28,26,37
leparisien,2018-05,7060,35,10,46,38,47
leparisien,2018-06,7448,49,8,39,50,56
leparisien,2018-07,6703,45,10,25,37,51
leparisien,2018-08,5328,57,17,38,62,27
leparisien,2018-09,6465,50,13,43,77,51
leparisien,2018-10,6716,75,11,42,68,47
leparisien,2018-11,6858,90,27,21,133,68
leparisien,2018-12,5697,83,24,31,88,37
leparisien,2019-01,6496,55,8,31,90,41
leparisien,2019-02,6014,69,15,18,76,37
leparisien,2019-03,6097,80,13,50,80,64
leparisien,2019-04,5738,69,12,45,71,52
leparisien,2019-05,6165,89,13,58,63,60
leparisien,2019-06,6085,93,19,49,61,57
leparisien,2019-07,5490,120,15,43,126,48
leparisien,2019-08,4523,120,25,44,43,29
leparisien,2019-09,5808,141,28,37,85,48
leparisien,2019-10,5729,114,20,43,64,42
leparisien,2019-11,5735,98,22,39,83,59
leparisien,2019-12,5432,119,19,28,89,37
leparisien,2020-01,6326,126,18,39,88,47
leparisien,2020-02,5667,106,16,44,100,80
leparisien,2020-03,6429,81,16,57,100,51
leparisien,2020-04,5270,35,7,15,35,14
leparisien,2020-05,5345,45,11,27,72,30
leparisien,2020-06,5567,76,27,37,83,34
leparisien,2020-07,4876,83,23,45,114,40
leparisien,2020-08,4286,70,8,45,47,20
leparisien,2020-09,5430,85,19,51,80,45
leparisien,2020-10,5106,80,17,46,78,28
leparisien,2020-11,4914,57,13,34,59,27
leparisien,2020-12,4749,80,21,40,48,28
leparisien,2021-01,5087,80,18,43,38,29
leparisien,2021-02,4718,87,28,46,67,33
leparisien,2021-03,5372,66,19,41,49,37
leparisien,2021-04,5069,78,21,41,48,42
leparisien,2021-05,5482,89,16,57,57,30
leparisien,2021-06,5819,95,19,52,79,37
leparisien,2021-07,5162,138,28,41,48,32
leparisien,2021-08,4409,117,14,61,32,20
leparisien,2021-09,5308,131,21,44,59,41
leparisien,2021-10,5481,148,28,40,74,49
leparisien,2021-11,4986,138,49,42,67,49
leparisien,2021-12,4646,99,7,44,53,18
leparisien,2022-01,5073,91,16,37,68,34
leparisien,2022-02,4824,122,19,57,60,46
leparisien,2022-03,5252,99,15,45,79,47
leparisien,2022-04,5261,151,25,53,65,33
leparisien,2022-05,4964,127,21,55,79,40
leparisien,2022-06,5361,156,23,57,111,38
leparisien,2022-07,4759,220,40,53,105,38
leparisien,2022-08,4218,233,38,74,85,31
leparisien,2022-09,4927,203,27,54,97,59
leparisien,2022-10,4907,203,29,56,122,62
leparisien,2022-11,4983,178,47,53,91,57
leparisien,2022-12,4675,115,14,53,73,41
leparisien,2023-01,4855,128,25,67,64,51
leparisien,2023-02,4395,115,17,49,58,33
leparisien,2023-03,4889,139,21,54,96,29
leparisien,2023-04,4454,124,23,58,72,25
leparisien,2023-05,5018,145,41,58,99,41
leparisien,2023-06,5416,190,37,53,98,40
leparisien,2023-07,4943,204,31,62,73,31
leparisien,2023-08,8741,381,32,93,96,40
leparisien,2023-09,10407,386,78,156,202,60
leparisien,2023-10,11042,286,56,144,180,78
leparisien,2023-11,10882,356,70,110,196,74
leparisien,2023-12,10212,272,88,112,158,78
leparisien,2024-01,11590,284,46,90,284,112
leparisien,2024-02,11690,298,62,118,216,54
leparisien,2024-03,12706,282,72,100,188,84
leparisien,2024-04,12230,278,58,106,108,42
leparisien,2024-05,13202,312,52,124,102,54
leparisien,2024-06,13108,280,42,88,112,62
leparisien,2024-07,4542,93,15,19,21,22
lesechos,1991-01,1859,5,1,0,0,0
lesechos,1991-02,1629,2,0,0,0,3
lesechos,1991-03,1774,7,1,0,0,1
lesechos,1991-04,1842,3,4,0,0,3
lesechos,1991-05,1607,5,2,0,0,2
lesechos,1991-06,1682,3,3,0,0,1
lesechos,1991-07,1672,7,3,0,0,0
lesechos,1991-08,1332,3,3,0,0,0
lesechos,1991-09,1717,4,2,0,0,1
lesechos,1991-10,1934,6,3,0,0,2
lesechos,1991-11,1768,6,0,0,0,0
lesechos,1991-12,1715,4,3,1,0,2
lesechos,1992-01,1965,2,2,0,0,0
lesechos,1992-02,1703,7,4,0,0,1
lesechos,1992-03,1868,2,5,1,0,2
lesechos,1992-04,1882,2,8,1,0,0
lesechos,1992-05,1561,5,3,2,0,1
lesechos,1992-06,1838,13,10,7,0,15
lesechos,1992-07,1587,2,1,0,0,0
lesechos,1992-08,1268,3,0,0,0,0
lesechos,1992-09,1840,7,0,0,0,2
lesechos,1992-10,1935,1,1,0,0,0
lesechos,1992-11,1764,1,3,3,0,1
lesechos,1992-12,1824,2,2,0,0,1
lesechos,1993-01,1767,3,3,1,0,2
lesechos,1993-02,1768,5,1,0,1,0
lesechos,1993-03,2065,5,4,0,0,4
lesechos,1993-04,1741,4,2,0,0,1
lesechos,1993-05,1704,6,2,0,0,2
lesechos,1993-06,1923,1,4,3,0,4
lesechos,1993-07,1587,4,0,0,0,0
lesechos,1993-08,1423,2,0,0,0,0
lesechos,1993-09,1888,8,6,0,0,1
lesechos,1993-10,1967,4,1,0,0,2
lesechos,1993-11,1807,3,1,1,0,5
lesechos,1993-12,2052,4,4,0,0,1
lesechos,1994-01,2012,3,0,0,0,1
lesechos,1994-02,1781,5,1,0,0,0
lesechos,1994-03,2212,9,3,1,0,2
lesechos,1994-04,1937,8,1,0,0,2
lesechos,1994-05,1935,7,1,0,0,2
lesechos,1994-06,2284,6,0,1,0,4
lesechos,1994-07,1556,5,2,0,0,1
lesechos,1994-08,1549,9,1,0,0,0
lesechos,1994-09,2146,6,0,0,0,2
lesechos,1994-10,2060,5,1,1,0,1
lesechos,1994-11,2113,3,1,0,0,2
lesechos,1994-12,2003,10,1,0,0,2
lesechos,1995-01,2210,6,0,0,0,3
lesechos,1995-02,2357,6,1,1,0,2
lesechos,1995-03,2812,5,2,1,0,7
lesechos,1995-04,2258,7,2,0,0,1
lesechos,1995-05,2462,3,1,0,0,5
lesechos,1995-06,2550,9,1,1,0,5
lesechos,1995-07,2109,5,2,0,0,3
lesechos,1995-08,1944,5,1,0,0,1
lesechos,1995-09,2428,7,0,0,0,2
lesechos,1995-10,1974,2,2,0,0,2
lesechos,1995-11,1826,2,0,0,0,1
lesechos,1995-12,1735,2,2,0,0,0
lesechos,1996-01,1975,2,0,0,0,1
lesechos,1996-02,1885,9,2,0,0,0
lesechos,1996-03,1912,10,0,0,0,1
lesechos,1996-04,1778,12,0,0,0,1
lesechos,1996-05,1719,7,2,0,0,3
lesechos,1996-06,1803,7,0,0,0,4
lesechos,1996-07,1570,6,2,0,0,1
lesechos,1996-08,1227,5,0,0,0,0
lesechos,1996-09,1804,13,3,0,0,0
lesechos,1996-10,1921,0,1,0,0,3
lesechos,1996-11,1775,4,0,0,0,2
lesechos,1996-12,1765,3,1,0,0,7
lesechos,1997-01,1899,6,0,1,0,4
lesechos,1997-02,1764,6,3,0,0,2
lesechos,1997-03,1855,5,2,0,0,4
lesechos,1997-04,1882,8,2,0,0,1
lesechos,1997-05,1748,1,3,0,0,6
lesechos,1997-06,1933,5,7,2,0,7
lesechos,1997-07,1470,11,2,0,0,5
lesechos,1997-08,1201,9,2,0,0,1
lesechos,1997-09,2085,6,3,0,0,5
lesechos,1997-10,2175,20,9,0,0,3
lesechos,1997-11,1846,13,5,0,0,11
lesechos,1997-12,1934,11,13,0,0,3
lesechos,1998-01,1966,5,4,0,0,2
lesechos,1998-02,1887,7,8,1,0,8
lesechos,1998-03,2234,10,1,1,0,16
lesechos,1998-04,1916,17,10,0,0,6
lesechos,1998-05,1726,13,1,1,0,4
lesechos,1998-06,2001,6,4,1,0,3
lesechos,1998-07,1582,5,2,0,0,5
lesechos,1998-08,1247,5,1,0,0,3
lesechos,1998-09,2112,8,3,1,0,9
lesechos,1998-10,2157,9,2,1,0,9
lesechos,1998-11,2011,17,13,2,0,2
lesechos,1998-12,2032,7,3,0,0,4
lesechos,1999-01,1967,10,4,2,0,8
lesechos,1999-02,1986,8,5,0,0,7
lesechos,1999-03,2312,10,4,0,0,14
lesechos,1999-04,2039,9,4,2,0,13
lesechos,1999-05,1851,6,5,4,0,4
lesechos,1999-06,2270,9,4,2,0,11
lesechos,1999-07,1678,7,2,0,0,5
lesechos,1999-08,1533,4,0,1,0,2
lesechos,1999-09,2169,5,0,0,0,5
lesechos,1999-10,2136,12,10,0,0,12
lesechos,1999-11,2057,20,17,1,0,11
lesechos,1999-12,2257,10,4,2,0,14
lesechos,2000-01,2217,11,8,1,0,8
lesechos,2000-02,2185,3,4,3,0,2
lesechos,2000-03,2588,14,7,1,0,7
lesechos,2000-04,1974,5,5,2,0,8
lesechos,2000-05,2363,9,6,1,0,10
lesechos,2000-06,2383,14,4,1,0,8
lesechos,2000-07,1776,6,6,3,0,9
lesechos,2000-08,1729,8,0,1,0,6
lesechos,2000-09,2492,20,13,1,0,20
lesechos,2000-10,2678,8,7,1,0,10
lesechos,2000-11,2710,26,32,1,0,19
lesechos,2000-12,2428,12,21,2,0,12
lesechos,2001-01,2874,17,8,3,0,18
lesechos,2001-02,2686,10,1,0,0,15
lesechos,2001-03,2906,21,9,2,0,4
lesechos,2001-04,2602,24,13,3,0,19
lesechos,2001-05,2456,19,13,0,0,22
lesechos,2001-06,2414,22,12,6,0,19
lesechos,2001-07,2222,18,18,1,0,14
lesechos,2001-08,1648,9,6,1,0,5
lesechos,2001-09,2552,11,9,1,0,18
lesechos,2001-10,2872,11,10,2,0,17
lesechos,2001-11,2527,7,11,2,0,16
lesechos,2001-12,2192,13,11,3,0,14
lesechos,2002-01,2445,16,7,2,0,23
lesechos,2002-02,2409,13,16,1,0,25
lesechos,2002-03,2754,21,16,2,0,32
lesechos,2002-04,2443,8,7,2,0,24
lesechos,2002-05,2161,8,11,1,0,18
lesechos,2002-06,2286,9,4,1,0,27
lesechos,2002-07,1920,2,1,0,0,18
lesechos,2002-08,1477,24,9,10,0,36
lesechos,2002-09,2412,24,7,5,0,42
lesechos,2002-10,2487,13,9,1,0,26
lesechos,2002-11,1909,13,6,0,0,23
lesechos,2002-12,1936,13,5,1,0,25
lesechos,2003-01,2157,8,1,2,0,30
lesechos,2003-02,2042,9,5,2,0,20
lesechos,2003-03,2248,9,3,1,0,28
lesechos,2003-04,2146,8,3,0,0,30
lesechos,2003-05,1936,9,6,2,0,22
lesechos,2003-06,2058,9,8,3,0,35
lesechos,2003-07,1780,13,2,1,0,13
lesechos,2003-08,1380,21,5,0,0,26
lesechos,2003-09,2361,18,9,3,0,33
lesechos,2003-10,3278,14,12,2,0,40
lesechos,2003-11,2793,18,11,8,0,47
lesechos,2003-12,2937,13,6,0,0,36
lesechos,2004-01,2896,14,8,0,0,21
lesechos,2004-02,2790,12,8,1,0,15
lesechos,2004-03,3287,5,10,3,0,31
lesechos,2004-04,2881,13,6,2,0,34
lesechos,2004-05,2546,11,7,2,0,28
lesechos,2004-06,2921,28,16,3,0,44
lesechos,2004-07,2337,18,11,2,0,19
lesechos,2004-08,2236,11,5,0,0,22
lesechos,2004-09,2981,19,8,1,0,24
lesechos,2004-10,3031,20,24,5,0,26
lesechos,2004-11,2793,18,11,3,0,22
lesechos,2004-12,3022,22,15,3,0,25
lesechos,2005-01,3019,18,8,15,0,33
lesechos,2005-02,3062,24,11,1,0,31
lesechos,2005-03,3340,24,14,3,0,50
lesechos,2005-04,3311,26,19,10,0,42
lesechos,2005-05,3077,20,12,4,0,39
lesechos,2005-06,3510,28,22,3,0,49
lesechos,2005-07,2627,19,9,1,0,16
lesechos,2005-08,2424,14,8,2,0,25
lesechos,2005-09,3321,28,13,1,1,45
lesechos,2005-10,3080,13,12,4,0,30
lesechos,2005-11,3007,28,15,9,0,29
lesechos,2005-12,3087,24,17,4,0,30
lesechos,2006-01,3410,22,12,3,0,36
lesechos,2006-02,3179,9,8,2,0,32
lesechos,2006-03,3724,14,15,4,0,43
lesechos,2006-04,3092,21,19,2,0,44
lesechos,2006-05,3178,33,25,8,0,70
lesechos,2006-06,3515,21,16,4,0,52
lesechos,2006-07,2736,30,15,3,0,33
lesechos,2006-08,2634,30,11,3,0,16
lesechos,2006-09,3431,31,23,2,0,32
lesechos,2006-10,3710,34,24,8,0,45
lesechos,2006-11,3435,39,34,6,0,46
lesechos,2006-12,3162,38,23,3,1,35
lesechos,2007-01,3524,64,44,2,0,49
lesechos,2007-02,3384,52,38,3,0,62
lesechos,2007-03,4096,88,60,9,0,115
lesechos,2007-04,3373,59,33,8,0,77
lesechos,2007-05,3205,49,28,6,0,77
lesechos,2007-06,3656,55,41,6,0,74
lesechos,2007-07,3658,38,9,9,0,49
lesechos,2007-08,3216,58,24,9,0,40
lesechos,2007-09,3835,79,43,9,0,72
lesechos,2007-10,4482,69,37,19,0,102
lesechos,2007-11,3904,54,28,4,0,64
lesechos,2007-12,3656,77,45,13,0,77
lesechos,2008-01,4181,60,34,5,0,81
lesechos,2008-02,3811,56,15,7,0,79
lesechos,2008-03,3802,59,20,6,0,78
lesechos,2008-04,4074,63,25,9,0,88
lesechos,2008-05,3640,57,19,12,0,89
lesechos,2008-06,3892,66,30,9,1,101
lesechos,2008-07,3434,43,26,2,0,57
lesechos,2008-08,2663,21,11,13,0,49
lesechos,2008-09,3848,30,13,6,0,69
lesechos,2008-10,4137,59,32,8,1,96
lesechos,2008-11,3332,42,11,7,0,69
lesechos,2008-12,3455,85,45,7,0,117
lesechos,2009-01,3151,45,20,14,2,72
lesechos,2009-02,3043,20,12,9,0,74
lesechos,2009-03,3232,44,23,10,0,81
lesechos,2009-04,3033,28,11,6,0,65
lesechos,2009-05,2595,47,12,6,0,64
lesechos,2009-06,3095,49,25,7,0,92
lesechos,2009-07,2659,34,16,3,1,63
lesechos,2009-08,2258,38,17,9,0,53
lesechos,2009-09,2934,81,34,5,0,98
lesechos,2009-10,2929,49,26,13,0,115
lesechos,2009-11,2632,64,32,8,1,91
lesechos,2009-12,2735,165,115,13,0,110
lesechos,2010-01,2505,54,24,7,0,61
lesechos,2010-02,2745,39,20,8,3,47
lesechos,2010-03,3553,77,30,13,2,119
lesechos,2010-04,2868,30,12,7,0,63
lesechos,2010-05,2649,34,13,10,0,84
lesechos,2010-06,3125,48,21,11,0,86
lesechos,2010-07,2524,20,9,4,0,56
lesechos,2010-08,2220,34,5,14,0,50
lesechos,2010-09,2968,18,8,6,0,86
lesechos,2010-10,2955,25,8,7,0,77
lesechos,2010-11,2864,48,15,11,0,83
lesechos,2010-12,2734,70,16,9,2,77
lesechos,2011-01,2917,44,10,5,0,71
lesechos,2011-02,2802,36,7,3,0,52
lesechos,2011-03,3576,40,14,4,2,96
lesechos,2011-04,2701,20,8,3,4,67
lesechos,2011-05,3275,43,12,9,0,78
lesechos,2011-06,2744,44,8,12,6,64
lesechos,2011-07,2163,21,8,6,0,32
lesechos,2011-08,1870,12,2,1,2,33
lesechos,2011-09,2942,11,5,13,4,51
lesechos,2011-10,2958,32,11,8,4,64
lesechos,2011-11,2916,38,15,10,7,92
lesechos,2011-12,2627,41,27,3,10,70
lesechos,2012-01,3153,31,7,7,8,79
lesechos,2012-02,3062,34,7,4,4,55
lesechos,2012-03,3528,39,15,10,4,97
lesechos,2012-04,3123,22,14,8,4,78
lesechos,2012-05,3259,35,12,6,6,66
lesechos,2012-06,3519,33,16,17,13,85
lesechos,2012-07,2750,23,5,13,15,43
lesechos,2012-08,2302,19,5,6,18,42
lesechos,2012-09,3217,27,16,17,41,73
lesechos,2012-10,4082,26,8,17,22,65
lesechos,2012-11,3710,38,20,3,43,87
lesechos,2012-12,3068,36,12,6,17,66
lesechos,2013-01,3314,37,12,10,23,74
lesechos,2013-02,3235,16,8,5,21,54
lesechos,2013-03,3340,30,7,0,15,68
lesechos,2013-04,3497,39,13,5,26,80
lesechos,2013-05,2858,27,8,3,30,52
lesechos,2013-06,3473,41,18,10,23,55
lesechos,2013-07,3191,35,17,6,56,93
lesechos,2013-08,2162,35,7,6,22,22
lesechos,2013-09,3397,39,21,15,55,67
lesechos,2013-10,3612,29,6,6,25,77
lesechos,2013-11,3221,37,20,4,18,66
lesechos,2013-12,2877,19,5,6,17,45
lesechos,2014-01,3355,47,20,4,36,60
lesechos,2014-02,3127,40,14,6,30,60
lesechos,2014-03,3647,34,8,8,30,60
lesechos,2014-04,3369,37,10,9,51,85
lesechos,2014-05,3655,41,9,12,45,65
lesechos,2014-06,4067,42,15,6,68,83
lesechos,2014-07,3327,27,15,3,33,46
lesechos,2014-08,2434,31,6,2,31,52
lesechos,2014-09,4375,57,23,7,46,78
lesechos,2014-10,4490,50,28,7,82,101
lesechos,2014-11,3776,56,25,9,53,71
lesechos,2014-12,3781,64,27,7,35,83
lesechos,2015-01,3887,43,20,3,27,62
lesechos,2015-02,3769,42,13,7,36,58
lesechos,2015-03,4234,45,17,11,36,63
lesechos,2015-04,3632,26,17,6,31,55
lesechos,2015-05,3164,48,32,12,30,62
lesechos,2015-06,4151,78,39,11,45,73
lesechos,2015-07,3211,52,18,9,43,58
lesechos,2015-08,2510,47,23,3,35,39
lesechos,2015-09,4104,91,27,12,49,104
lesechos,2015-10,4288,118,73,6,42,107
lesechos,2015-11,4079,212,106,13,65,137
lesechos,2015-12,3586,170,77,7,56,112
lesechos,2016-01,4285,64,17,6,40,84
lesechos,2016-02,4138,49,7,17,40,70
lesechos,2016-03,4066,38,13,15,31,66
lesechos,2016-04,3721,57,26,21,46,66
lesechos,2016-05,3565,43,9,13,26,60
lesechos,2016-06,4163,47,11,11,37,87
lesechos,2016-07,3124,34,13,12,31,44
lesechos,2016-08,2497,53,10,12,12,33
lesechos,2016-09,3990,72,25,8,33,65
lesechos,2016-10,3892,57,19,10,46,76
lesechos,2016-11,3844,109,47,12,44,106
lesechos,2016-12,3302,62,18,11,38,53
lesechos,2017-01,4048,70,19,11,64,86
lesechos,2017-02,3628,46,18,10,38,89
lesechos,2017-03,4390,51,18,14,45,73
lesechos,2017-04,3537,61,18,10,40,68
lesechos,2017-05,3896,92,19,12,99,66
lesechos,2017-06,4269,130,41,24,71,101
lesechos,2017-07,3272,67,20,17,67,88
lesechos,2017-08,2518,57,19,11,34,42
lesechos,2017-09,4440,123,40,23,97,93
lesechos,2017-10,5600,121,45,27,119,107
lesechos,2017-11,4826,120,45,28,100,100
lesechos,2017-12,4272,152,49,11,118,132
lesechos,2018-01,4891,72,31,15,90,103
lesechos,2018-02,4650,72,14,16,67,92
lesechos,2018-03,5215,69,36,14,73,102
lesechos,2018-04,4289,81,23,21,62,76
lesechos,2018-05,4477,73,23,28,63,92
lesechos,2018-06,5023,103,27,31,85,119
lesechos,2018-07,2734,73,14,17,56,44
lesechos,2018-08,3428,108,29,27,72,59
lesechos,2018-09,4860,149,53,35,139,105
lesechos,2018-10,5416,157,63,37,150,143
lesechos,2018-11,3486,130,54,21,161,123
lesechos,2018-12,3115,159,49,27,121,105
lesechos,2019-01,3074,80,21,17,77,51
lesechos,2019-02,2902,87,25,13,70,65
lesechos,2019-03,3005,102,32,21,81,72
lesechos,2019-04,2615,97,21,23,88,72
lesechos,2019-05,2569,114,43,36,79,70
lesechos,2019-06,2732,130,37,20,85,75
lesechos,2019-07,2383,139,41,18,78,63
lesechos,2019-08,1681,81,28,25,47,42
lesechos,2019-09,2740,150,40,39,83,88
lesechos,2019-10,2957,131,40,27,90,72
lesechos,2019-11,2578,130,55,28,94,88
lesechos,2019-12,2669,212,65,50,112,107
lesechos,2020-01,3030,178,58,24,79,85
lesechos,2020-02,2766,153,48,33,81,90
lesechos,2020-03,3200,116,28,16,58,43
lesechos,2020-04,2782,100,29,19,65,55
lesechos,2020-05,2372,96,25,27,76,47
lesechos,2020-06,2729,133,47,37,139,73
lesechos,2020-07,2344,123,43,37,135,64
lesechos,2020-08,1694,59,19,23,51,43
lesechos,2020-09,2723,151,44,49,163,112
lesechos,2020-10,2764,132,51,33,124,99
lesechos,2020-11,2698,128,36,29,100,77
lesechos,2020-12,2556,169,73,36,90,110
lesechos,2021-01,2632,130,42,48,111,92
lesechos,2021-02,2440,124,54,29,93,89
lesechos,2021-03,2873,172,65,37,134,93
lesechos,2021-04,2461,154,60,33,109,96
lesechos,2021-05,2353,144,46,32,95,99
lesechos,2021-06,2836,165,48,43,133,96
lesechos,2021-07,2333,156,54,39,99,68
lesechos,2021-08,1888,123,32,21,67,60
lesechos,2021-09,2894,210,60,59,128,105
lesechos,2021-10,2869,262,93,55,169,145
lesechos,2021-11,2687,230,84,37,137,117
lesechos,2021-12,2566,165,38,28,127,90
lesechos,2022-01,2805,193,56,39,147,104
lesechos,2022-02,2673,174,50,43,144,109
lesechos,2022-03,3153,184,52,49,174,144
lesechos,2022-04,2665,193,57,47,133,97
lesechos,2022-05,2565,198,51,46,151,96
lesechos,2022-06,2682,225,59,51,178,109
lesechos,2022-07,2204,146,46,32,151,92
lesechos,2022-08,1885,215,52,42,116,82
lesechos,2022-09,2885,240,60,36,196,149
lesechos,2022-10,2636,186,48,47,161,101
lesechos,2022-11,2655,270,94,56,193,163
lesechos,2022-12,2396,177,31,72,126,103
lesechos,2023-01,2819,215,38,42,145,114
lesechos,2023-02,2580,175,31,40,150,104
lesechos,2023-03,2847,248,54,58,180,100
lesechos,2023-04,2393,178,48,52,141,96
lesechos,2023-05,2373,183,46,37,159,81
lesechos,2023-06,2751,244,62,68,200,133
lesechos,2023-07,2201,240,61,46,144,83
lesechos,2023-08,1881,155,28,35,110,53
lesechos,2023-09,2679,249,68,66,209,105
lesechos,2023-10,2685,181,54,49,181,88
lesechos,2023-11,2604,212,72,51,179,102
lesechos,2023-12,2321,183,82,39,179,113
lesechos,2024-01,2654,189,56,48,188,103
lesechos,2024-02,2626,212,58,52,173,96
lesechos,2024-03,2631,184,64,47,169,81
lesechos,2024-04,2521,207,53,49,154,101
lesechos,2024-05,2486,184,48,54,164,114
lesechos,2024-06,2702,183,43,32,106,98
lesechos,2024-07,2496,157,37,34,102,83
lesechos,2024-08,1791,126,26,27,73,46
lesechos,2024-09,3148,193,50,41,138,96
lesechos,2024-10,2212,126,31,27,105,67
liberation,1998-01,2247,4,1,1,0,1
liberation,1998-02,2173,4,4,1,0,2
liberation,1998-03,2407,7,1,2,0,3
liberation,1998-04,2119,3,5,0,0,2
liberation,1998-05,2008,8,1,0,0,4
liberation,1998-06,2095,0,0,2,0,3
liberation,1998-07,1673,4,2,0,0,0
liberation,1998-08,1382,4,4,0,0,0
liberation,1998-09,2062,4,2,0,0,1
liberation,1998-10,2042,5,2,2,0,5
liberation,1998-11,1887,12,7,2,0,2
liberation,1998-12,2103,9,1,3,0,1
liberation,1999-01,2035,8,7,1,0,6
liberation,1999-02,2018,4,4,1,0,3
liberation,1999-03,2238,3,5,2,0,3
liberation,1999-04,1996,4,5,0,0,1
liberation,1999-05,2083,3,2,2,0,2
liberation,1999-06,2239,7,2,1,0,4
liberation,1999-07,1894,5,2,1,0,6
liberation,1999-08,1759,7,0,5,0,0
liberation,1999-09,2100,7,3,0,0,4
liberation,1999-10,2222,7,5,3,0,1
liberation,1999-11,2268,7,4,4,0,6
liberation,1999-12,2144,10,4,1,0,8
liberation,2000-01,2198,14,22,6,0,5
liberation,2000-02,2047,4,2,3,0,5
liberation,2000-03,2517,10,7,1,0,5
liberation,2000-04,2049,6,7,2,0,11
liberation,2000-05,2438,11,12,5,0,3
liberation,2000-06,2422,4,5,2,0,5
liberation,2000-07,2199,5,8,0,0,7
liberation,2000-08,1958,8,6,3,0,3
liberation,2000-09,2564,12,21,3,0,10
liberation,2000-10,2628,9,7,0,0,4
liberation,2000-11,2587,33,32,3,0,4
liberation,2000-12,2445,12,14,3,0,7
liberation,2001-01,2597,9,9,3,0,1
liberation,2001-02,2507,11,10,2,0,0
liberation,2001-03,2662,15,20,1,0,4
liberation,2001-04,2419,11,10,1,0,6
liberation,2001-05,2922,11,11,1,0,9
liberation,2001-06,2549,16,27,2,0,13
liberation,2001-07,2113,16,24,2,0,5
liberation,2001-08,1825,5,10,0,0,6
liberation,2001-09,2334,8,8,1,0,5
liberation,2001-10,2506,13,8,2,0,4
liberation,2001-11,2497,14,5,0,0,6
liberation,2001-12,2402,10,4,5,0,6
liberation,2002-01,2279,8,8,4,0,10
liberation,2002-02,2322,10,9,4,0,13
liberation,2002-03,2601,10,12,2,0,13
liberation,2002-04,2305,7,7,2,0,9
liberation,2002-05,2301,13,6,2,0,21
liberation,2002-06,2412,8,2,0,0,19
liberation,2002-07,2126,5,4,8,0,18
liberation,2002-08,1762,15,11,15,0,43
liberation,2002-09,2348,10,11,7,0,27
liberation,2002-10,2442,12,6,0,0,14
liberation,2002-11,2348,21,19,5,0,18
liberation,2002-12,2164,13,8,2,0,16
liberation,2003-01,2112,10,3,0,0,12
liberation,2003-02,2211,9,4,0,0,12
liberation,2003-03,2277,14,5,1,0,10
liberation,2003-04,2167,16,2,2,0,6
liberation,2003-05,2376,9,9,3,0,26
liberation,2003-06,2277,9,8,1,0,20
liberation,2003-07,2155,10,5,6,0,10
liberation,2003-08,1767,28,14,1,0,11
liberation,2003-09,2438,23,9,9,0,15
liberation,2003-10,2629,15,16,4,0,25
liberation,2003-11,2304,14,13,7,0,17
liberation,2003-12,2250,27,19,4,0,12
liberation,2004-01,2693,18,12,11,0,19
liberation,2004-02,2475,15,9,15,0,16
liberation,2004-03,2886,13,11,8,0,21
liberation,2004-04,2526,21,15,8,0,25
liberation,2004-05,2636,23,15,5,0,22
liberation,2004-06,2722,22,28,4,0,37
liberation,2004-07,2178,13,14,4,0,12
liberation,2004-08,2136,16,10,4,0,10
liberation,2004-09,2509,25,19,4,0,18
liberation,2004-10,2460,20,15,5,0,14
liberation,2004-11,2504,21,18,10,0,11
liberation,2004-12,2414,27,17,9,0,12
liberation,2005-01,2447,17,8,13,0,21
liberation,2005-02,2429,28,19,20,0,22
liberation,2005-03,2684,14,13,7,0,31
liberation,2005-04,2519,13,8,5,0,15
liberation,2005-05,2646,26,19,3,0,29
liberation,2005-06,2615,30,17,3,0,18
liberation,2005-07,2118,23,16,3,1,9
liberation,2005-08,1921,19,11,8,0,19
liberation,2005-09,2544,17,11,4,0,10
liberation,2005-10,2481,18,10,2,0,13
liberation,2005-11,2096,16,18,4,0,18
liberation,2005-12,2383,14,20,4,0,12
liberation,2006-01,2366,16,13,7,0,17
liberation,2006-02,2450,18,9,5,0,10
liberation,2006-03,2547,17,9,10,0,12
liberation,2006-04,2290,19,8,7,0,14
liberation,2006-05,2363,23,15,15,0,24
liberation,2006-06,2622,23,18,6,1,22
liberation,2006-07,2259,18,10,10,0,8
liberation,2006-08,2023,30,13,7,0,15
liberation,2006-09,2537,36,24,17,0,24
liberation,2006-10,2593,37,26,19,0,20
liberation,2006-11,2720,41,29,11,0,29
liberation,2006-12,2153,19,8,5,0,15
liberation,2007-01,2489,63,25,14,0,25
liberation,2007-02,2434,41,24,12,0,19
liberation,2007-03,2748,44,22,13,0,32
liberation,2007-04,2271,44,32,5,0,18
liberation,2007-05,2419,40,35,9,0,46
liberation,2007-06,2485,41,37,7,0,37
liberation,2007-07,1881,23,10,13,0,27
liberation,2007-08,1675,42,22,8,0,18
liberation,2007-09,2207,49,27,18,0,31
liberation,2007-10,2223,36,22,21,0,35
liberation,2007-11,2235,47,27,8,0,26
liberation,2007-12,1815,48,36,11,0,28
liberation,2008-01,2249,36,20,8,0,26
liberation,2008-02,1997,28,12,11,1,20
liberation,2008-03,2103,23,13,8,0,17
liberation,2008-04,2156,49,19,11,0,48
liberation,2008-05,2089,35,14,8,0,22
liberation,2008-06,2596,29,20,11,0,37
liberation,2008-07,2012,44,14,2,0,13
liberation,2008-08,1975,31,7,6,1,21
liberation,2008-09,2843,49,15,15,0,64
liberation,2008-10,2242,32,18,18,0,24
liberation,2008-11,2038,28,7,5,0,24
liberation,2008-12,2087,50,29,4,0,35
liberation,2009-01,2056,27,11,7,0,26
liberation,2009-02,1922,23,11,8,0,23
liberation,2009-03,2220,20,11,2,0,17
liberation,2009-04,2047,31,11,5,0,33
liberation,2009-05,2043,29,16,8,0,20
liberation,2009-06,2178,45,20,6,0,41
liberation,2009-07,2285,47,18,6,0,27
liberation,2009-08,1835,31,7,10,0,19
liberation,2009-09,2380,62,28,4,1,36
liberation,2009-10,2361,42,17,7,0,22
liberation,2009-11,2158,58,24,9,0,26
liberation,2009-12,2038,147,59,6,0,29
liberation,2010-01,2061,29,13,7,0,19
liberation,2010-02,2074,27,17,7,0,21
liberation,2010-03,2380,45,11,9,0,33
liberation,2010-04,2114,20,9,5,1,20
liberation,2010-05,2342,15,14,15,0,24
liberation,2010-06,2296,19,5,7,1,13
liberation,2010-07,2163,26,5,6,0,20
liberation,2010-08,2094,37,11,10,0,13
liberation,2010-09,2467,33,7,5,1,32
liberation,2010-10,2579,25,15,19,0,24
liberation,2010-11,2539,27,12,9,0,26
liberation,2010-12,2414,34,14,4,0,29
liberation,2011-01,2584,24,10,3,1,17
liberation,2011-02,2308,15,3,7,0,14
liberation,2011-03,2516,13,13,4,1,23
liberation,2011-04,2402,8,8,3,6,27
liberation,2011-05,2538,21,7,6,2,15
liberation,2011-06,2472,15,3,5,1,22
liberation,2011-07,2167,14,5,1,1,19
liberation,2011-08,2057,8,2,5,2,9
liberation,2011-09,2413,17,3,8,1,22
liberation,2011-10,2441,20,3,5,6,25
liberation,2011-11,2588,33,17,9,23,26
liberation,2011-12,2332,24,18,7,3,23
liberation,2012-01,2860,21,3,4,10,31
liberation,2012-02,2740,26,4,9,4,27
liberation,2012-03,3041,26,5,4,6,21
liberation,2012-04,2936,16,3,10,7,25
liberation,2012-05,3043,14,6,7,6,29
liberation,2012-06,3083,23,9,24,7,54
liberation,2012-07,2390,13,4,11,15,21
liberation,2012-08,2472,28,6,11,19,24
liberation,2012-09,2815,15,8,16,28,28
liberation,2012-10,2793,27,6,9,20,26
liberation,2012-11,2588,28,16,10,20,21
liberation,2012-12,2307,21,7,5,17,23
liberation,2013-01,2678,28,5,7,14,20
liberation,2013-02,2517,23,5,4,7,18
liberation,2013-03,2561,22,3,6,14,15
liberation,2013-04,2473,25,13,7,26,31
liberation,2013-05,2386,18,11,3,12,13
liberation,2013-06,2611,26,7,7,17,25
liberation,2013-07,2588,13,6,3,42,32
liberation,2013-08,2031,19,15,10,32,24
liberation,2013-09,2707,39,21,20,58,33
liberation,2013-10,3165,41,9,11,33,31
liberation,2013-11,2552,46,13,9,11,22
liberation,2013-12,2379,17,3,8,18,19
liberation,2014-01,2706,28,9,6,24,20
liberation,2014-02,2508,24,13,10,31,28
liberation,2014-03,2715,23,7,5,29,21
liberation,2014-04,2618,23,10,11,37,42
liberation,2014-05,2764,23,6,6,29,24
liberation,2014-06,2674,23,11,7,43,41
liberation,2014-07,2495,14,4,5,18,17
liberation,2014-08,2290,22,2,5,18,13
liberation,2014-09,2703,32,16,7,21,21
liberation,2014-10,2589,31,10,15,43,28
liberation,2014-11,2330,58,26,11,22,19
liberation,2014-12,2318,48,18,10,22,25
liberation,2015-01,2331,33,11,2,17,10
liberation,2015-02,2029,24,8,4,13,10
liberation,2015-03,2124,28,7,7,12,11
liberation,2015-04,1797,25,12,9,12,21
liberation,2015-05,2048,35,13,4,17,23
liberation,2015-06,2015,55,24,6,18,22
liberation,2015-07,1868,33,16,7,15,17
liberation,2015-08,1536,39,15,11,17,15
liberation,2015-09,2077,73,22,5,25,42
liberation,2015-10,2165,90,33,12,25,31
liberation,2015-11,2035,124,44,10,13,40
liberation,2015-12,1937,127,62,8,13,44
liberation,2016-01,1909,26,6,6,13,17
liberation,2016-02,1781,29,3,3,10,12
liberation,2016-03,2024,14,2,11,13,16
liberation,2016-04,1842,23,5,7,13,15
liberation,2016-05,2069,34,10,8,5,11
liberation,2016-06,2076,33,5,11,13,17
liberation,2016-07,1842,27,8,8,5,16
liberation,2016-08,1690,30,7,6,5,13
liberation,2016-09,2074,64,19,16,20,25
liberation,2016-10,1941,47,19,7,9,14
liberation,2016-11,2104,47,25,5,12,29
liberation,2016-12,1975,48,11,13,17,25
liberation,2017-01,2017,75,14,14,47,35
liberation,2017-02,1793,34,4,10,28,24
liberation,2017-03,2245,40,10,15,20,27
liberation,2017-04,1794,34,6,10,25,17
liberation,2017-05,2158,46,11,7,41,27
liberation,2017-06,1901,45,17,12,31,20
liberation,2017-07,1628,46,9,8,23,12
liberation,2017-08,1424,37,16,5,20,11
liberation,2017-09,1848,51,15,12,33,15
liberation,2017-10,1958,39,12,19,26,14
liberation,2017-11,1891,54,17,15,33,22
liberation,2017-12,1840,45,15,13,42,23
liberation,2018-01,1936,46,18,15,32,13
liberation,2018-02,1747,31,4,6,37,18
liberation,2018-03,1906,43,13,27,26,24
liberation,2018-04,1858,35,9,24,28,10
liberation,2018-05,2076,55,15,29,30,22
liberation,2018-06,2098,34,10,25,27,24
liberation,2018-07,1793,39,15,16,31,15
liberation,2018-08,1470,63,22,31,52,7
liberation,2018-09,1719,72,18,36,45,32
liberation,2018-10,1896,87,24,24,48,31
liberation,2018-11,1880,93,30,13,98,33
liberation,2018-12,1529,90,23,16,68,24
liberation,2019-01,1847,62,19,17,68,29
liberation,2019-02,1625,77,25,23,50,22
liberation,2019-03,1846,113,18,24,58,23
liberation,2019-04,1678,73,18,15,43,24
liberation,2019-05,2078,140,24,55,49,31
liberation,2019-06,1664,89,26,18,42,27
liberation,2019-07,1787,116,32,37,80,29
liberation,2019-08,1383,102,22,38,19,13
liberation,2019-09,1731,140,39,32,57,32
liberation,2019-10,1867,96,17,24,42,20
liberation,2019-11,1614,95,26,20,41,26
liberation,2019-12,1664,116,29,30,36,17
liberation,2020-01,1807,112,29,35,35,21
liberation,2020-02,1673,78,19,24,29,16
liberation,2020-03,1933,82,18,21,29,19
liberation,2020-04,1723,67,15,49,19,13
liberation,2020-05,1640,83,16,50,62,15
liberation,2020-06,1564,77,29,59,58,23
liberation,2020-07,1439,74,27,40,54,22
liberation,2020-08,1040,49,6,22,20,12
liberation,2020-09,1370,75,19,40,48,17
liberation,2020-10,1516,71,14,32,29,12
liberation,2020-11,1706,62,11,24,35,18
liberation,2020-12,1277,80,25,30,20,19
liberation,2021-01,1221,51,10,17,15,7
liberation,2021-02,1900,68,24,32,46,16
liberation,2021-03,2598,128,30,48,58,36
liberation,2021-04,1594,89,26,22,29,15
liberation,2021-05,1950,76,14,45,61,23
liberation,2021-06,2112,96,20,47,47,26
liberation,2021-07,2097,117,22,33,27,22
liberation,2021-08,1585,98,11,25,25,12
liberation,2021-09,2032,143,19,46,64,24
liberation,2021-10,1885,151,44,28,55,32
liberation,2021-11,1892,152,65,68,72,35
liberation,2021-12,1897,84,21,35,36,12
liberation,2022-01,2038,111,27,25,41,18
liberation,2022-02,1990,110,16,40,60,25
liberation,2022-03,2118,131,27,39,64,46
liberation,2022-04,1996,143,33,35,44,26
liberation,2022-05,1915,131,26,52,79,37
liberation,2022-06,2091,148,35,45,101,24
liberation,2022-07,1771,188,40,41,98,27
liberation,2022-08,1559,197,28,41,61,20
liberation,2022-09,2105,213,44,48,103,52
liberation,2022-10,1980,197,40,47,96,49
liberation,2022-11,2098,242,63,49,99,49
liberation,2022-12,1977,130,42,70,67,33
liberation,2023-01,2045,166,36,37,63,48
liberation,2023-02,1762,116,29,39,81,29
liberation,2023-03,2076,183,50,64,100,34
liberation,2023-04,1864,154,41,49,77,21
liberation,2023-05,1915,190,42,44,93,26
liberation,2023-06,2249,237,60,63,76,35
liberation,2023-07,1911,197,40,62,70,20
liberation,2023-08,1730,237,44,64,64,22
liberation,2023-09,2271,237,54,70,104,40
liberation,2023-10,2140,171,39,76,90,34
liberation,2023-11,2203,217,46,60,102,32
liberation,2023-12,1945,177,63,66,83,39
liberation,2024-01,2177,173,38,56,110,40
liberation,2024-02,2155,163,32,68,96,18
liberation,2024-03,2520,170,45,51,98,40
liberation,2024-04,2571,182,39,48,57,26
liberation,2024-05,857,79,21,20,38,14
mediapart,2008-03,73,1,0,1,0,1
mediapart,2008-04,57,0,1,1,0,1
mediapart,2008-05,42,0,1,0,0,2
mediapart,2008-06,53,2,1,4,0,3
mediapart,2008-07,131,4,2,1,0,2
mediapart,2008-08,75,5,2,1,0,1
mediapart,2008-09,122,2,1,0,0,6
mediapart,2008-10,112,3,5,1,0,9
mediapart,2008-11,89,5,5,1,0,6
mediapart,2008-12,111,9,6,0,0,11
mediapart,2009-01,87,2,0,0,0,0
mediapart,2009-02,84,0,1,0,0,2
mediapart,2009-03,95,1,0,0,0,1
mediapart,2009-04,78,2,0,1,0,4
mediapart,2009-05,91,4,1,0,0,2
mediapart,2009-06,68,5,1,0,0,6
mediapart,2009-07,83,4,4,2,0,5
mediapart,2009-08,68,6,3,0,0,1
mediapart,2009-09,73,6,2,1,1,7
mediapart,2009-10,65,3,2,0,0,2
mediapart,2009-11,88,9,8,0,0,2
mediapart,2009-12,106,19,12,1,0,7
mediapart,2010-01,85,4,1,1,1,7
mediapart,2010-02,66,3,2,0,0,1
mediapart,2010-03,80,4,6,1,0,5
mediapart,2010-04,86,9,3,1,1,2
mediapart,2010-05,95,3,4,2,0,4
mediapart,2010-06,97,8,5,0,0,2
mediapart,2010-07,100,2,0,0,0,2
mediapart,2010-08,85,5,1,0,0,2
mediapart,2010-09,96,5,2,0,0,2
mediapart,2010-10,98,7,2,1,0,5
mediapart,2010-11,87,3,3,1,0,5
mediapart,2010-12,82,2,2,0,0,3
mediapart,2011-01,75,1,0,0,0,0
mediapart,2011-02,58,2,0,0,0,2
mediapart,2011-03,67,3,1,0,0,4
mediapart,2011-04,100,3,1,0,1,5
mediapart,2011-05,132,3,2,0,3,6
mediapart,2011-06,111,3,3,1,0,3
mediapart,2011-07,118,7,4,4,2,6
mediapart,2011-08,98,1,1,1,0,0
mediapart,2011-09,105,5,1,1,2,5
mediapart,2011-10,138,4,1,3,1,6
mediapart,2011-11,121,6,2,0,4,6
mediapart,2011-12,116,6,2,0,2,4
mediapart,2012-01,115,4,1,0,3,10
mediapart,2012-02,104,2,2,1,2,7
mediapart,2012-03,100,1,0,1,1,3
mediapart,2012-04,117,6,2,0,4,6
mediapart,2012-05,99,4,1,2,5,8
mediapart,2012-06,136,8,6,12,11,16
mediapart,2012-07,106,3,2,1,4,6
mediapart,2012-08,77,2,1,1,1,0
mediapart,2012-09,112,7,2,6,7,7
mediapart,2012-10,125,2,1,1,6,7
mediapart,2012-11,121,5,2,3,4,2
mediapart,2012-12,105,4,2,1,2,3
mediapart,2013-01,122,2,1,0,2,3
mediapart,2013-02,102,4,1,1,5,5
mediapart,2013-03,120,4,2,1,4,3
mediapart,2013-04,140,3,3,3,7,5
mediapart,2013-05,130,3,2,0,4,5
mediapart,2013-06,132,2,1,2,5,4
mediapart,2013-07,138,2,3,0,3,7
mediapart,2013-08,88,2,0,3,4,2
mediapart,2013-09,145,5,5,6,10,9
mediapart,2013-10,129,3,1,0,6,2
mediapart,2013-11,128,6,4,2,6,7
mediapart,2013-12,114,5,4,2,10,5
mediapart,2014-01,141,4,2,1,6,5
mediapart,2014-02,157,6,1,2,8,5
mediapart,2014-03,159,2,3,0,8,4
mediapart,2014-04,146,8,7,1,10,9
mediapart,2014-05,152,4,3,2,2,4
mediapart,2014-06,151,4,3,0,11,8
mediapart,2014-07,170,4,3,2,2,6
mediapart,2014-08,141,5,2,0,4,3
mediapart,2014-09,170,13,4,1,7,10
mediapart,2014-10,181,11,6,3,11,8
mediapart,2014-11,155,5,3,0,1,8
mediapart,2014-12,156,5,4,2,4,6
mediapart,2015-01,179,4,1,0,4,2
mediapart,2015-02,147,4,2,0,2,2
mediapart,2015-03,189,9,2,0,5,3
mediapart,2015-04,165,3,2,0,3,4
mediapart,2015-05,181,14,8,1,2,6
mediapart,2015-06,200,6,3,2,2,3
mediapart,2015-07,188,9,4,3,4,9
mediapart,2015-08,135,9,3,1,0,2
mediapart,2015-09,217,12,5,0,4,3
mediapart,2015-10,183,15,7,1,5,4
mediapart,2015-11,209,28,13,2,5,7
mediapart,2015-12,215,23,12,2,6,10
mediapart,2016-01,183,12,2,3,1,3
mediapart,2016-02,183,7,6,5,5,8
mediapart,2016-03,212,4,2,0,4,7
mediapart,2016-04,184,5,3,2,3,5
mediapart,2016-05,191,5,1,3,5,2
mediapart,2016-06,228,2,1,4,4,3
mediapart,2016-07,194,5,2,3,6,4
mediapart,2016-08,143,4,0,0,1,0
mediapart,2016-09,177,6,2,2,3,6
mediapart,2016-10,199,7,3,1,3,3
mediapart,2016-11,216,14,2,3,2,4
mediapart,2016-12,227,3,0,1,4,2
mediapart,2017-01,224,6,2,0,8,5
mediapart,2017-02,202,6,1,0,3,3
mediapart,2017-03,243,4,3,1,8,5
mediapart,2017-04,241,7,0,4,5,3
mediapart,2017-05,210,11,2,2,5,3
mediapart,2017-06,188,15,4,2,8,9
mediapart,2017-07,198,14,3,4,4,6
mediapart,2017-08,155,11,3,0,4,1
mediapart,2017-09,184,13,2,1,12,7
mediapart,2017-10,236,10,4,1,7,2
mediapart,2017-11,167,9,1,4,5,6
mediapart,2017-12,186,15,5,1,6,13
mediapart,2018-01,174,6,3,4,7,4
mediapart,2018-02,178,3,0,2,5,1
mediapart,2018-03,232,14,2,1,3,6
mediapart,2018-04,198,12,3,2,5,7
mediapart,2018-05,197,5,2,4,3,2
mediapart,2018-06,216,7,1,3,7,4
mediapart,2018-07,181,4,0,2,4,6
mediapart,2018-08,154,15,5,3,9,3
mediapart,2018-09,178,11,1,3,11,7
mediapart,2018-10,221,19,2,7,6,5
mediapart,2018-11,240,22,7,3,19,14
mediapart,2018-12,228,27,10,0,19,7
mediapart,2019-01,263,17,4,1,6,7
mediapart,2019-02,256,11,4,0,11,8
mediapart,2019-03,311,17,2,4,7,3
mediapart,2019-04,280,12,0,2,6,3
mediapart,2019-05,308,36,8,13,26,18
mediapart,2019-06,259,22,7,2,14,8
mediapart,2019-07,283,15,4,3,26,6
mediapart,2019-08,203,22,6,17,14,8
mediapart,2019-09,294,34,7,4,14,10
mediapart,2019-10,351,41,11,11,18,11
mediapart,2019-11,251,23,7,2,12,3
mediapart,2019-12,265,20,4,2,9,7
mediapart,2020-01,260,14,6,3,10,9
mediapart,2020-02,270,23,6,2,9,10
mediapart,2020-03,359,26,6,6,12,4
mediapart,2020-04,324,25,3,9,8,4
mediapart,2020-05,292,15,3,6,12,2
mediapart,2020-06,315,20,6,5,8,2
mediapart,2020-07,268,18,5,7,15,6
mediapart,2020-08,209,18,2,6,8,2
mediapart,2020-09,311,22,3,9,11,8
mediapart,2020-10,318,22,2,8,10,5
mediapart,2020-11,348,27,5,7,11,6
mediapart,2020-12,313,26,8,10,10,9
mediapart,2021-01,298,18,4,3,12,4
mediapart,2021-02,267,12,3,3,10,7
mediapart,2021-03,333,31,10,8,19,5
mediapart,2021-04,293,22,8,5,16,7
mediapart,2021-05,317,18,8,8,11,8
mediapart,2021-06,344,24,8,8,15,10
mediapart,2021-07,301,29,7,9,12,5
mediapart,2021-08,242,26,6,4,9,7
mediapart,2021-09,308,40,7,14,15,11
mediapart,2021-10,325,33,11,7,21,11
mediapart,2021-11,316,32,9,8,19,11
mediapart,2021-12,310,21,5,2,7,10
mediapart,2022-01,309,25,5,1,14,5
mediapart,2022-02,329,30,13,3,17,11
mediapart,2022-03,448,28,5,11,13,8
mediapart,2022-04,388,33,5,10,13,9
mediapart,2022-05,298,22,7,5,14,7
mediapart,2022-06,330,22,6,7,16,6
mediapart,2022-07,292,38,14,12,20,7
mediapart,2022-08,250,46,8,14,10,4
mediapart,2022-09,299,23,6,11,16,14
mediapart,2022-10,343,40,9,5,16,10
mediapart,2022-11,311,45,17,13,18,16
mediapart,2022-12,308,32,7,13,19,17
mediapart,2023-01,296,22,5,5,14,7
mediapart,2023-02,297,25,8,4,14,10
mediapart,2023-03,353,27,11,6,14,3
mediapart,2023-04,331,31,8,9,18,7
mediapart,2023-05,328,36,10,8,16,6
mediapart,2023-06,349,29,9,11,13,4
mediapart,2023-07,324,47,11,14,21,11
mediapart,2023-08,295,39,11,7,13,7
mediapart,2023-09,316,35,12,10,23,7
mediapart,2023-10,412,17,9,6,16,4
mediapart,2023-11,393,33,6,8,15,8
mediapart,2023-12,364,43,17,9,21,19
mediapart,2024-01,348,40,10,11,17,3
mediapart,2024-02,333,33,7,25,16,9
mediapart,2024-03,340,29,3,11,18,10
